Player,Squad,Age,Gls
Brenden Aaronson,Leeds United,25,2
Zach Abbott,Nott'ham Forest,19,0
Jones El-Abdellaoui,Celta Vigo,19,2
Himad Abdelli,Angers,26,2
Ali Abdi,Nice,32,0
Salis Abdul Samed,Nice,25,0
Saud Abdulhamid,Lens,26,0
Laurent Abergel,Lorient,32,1
Matthis Abline,Nantes,22,2
Abner,Lyon,25,2
Zakaria Aboukhlal,Torino,25,0
Abdel Abqar,Getafe,26,0
Francis Abu,Toulouse,24,0
Giorgi Abuashvili,Metz,22,1
Francesco Acerbi,Inter,37,0
Ragnar Ache,KÃ¶ln,27,1
Joshua Acheampong,Chelsea,19,1
Akor Adams,Sevilla,25,3
Che Adams,Torino,29,3
Tyler Adams,Bournemouth,26,2
Junior Adamu,Freiburg,24,1
Tosin Adarabioyo,Chelsea,28,0
Jayden Addai,Como,20,3
Karim Adeyemi,Dortmund,23,4
Simon Adingra,Sunderland,24,1
Nathaniel Adjei,Lorient,23,0
Amine Adli,Bournemouth,25,1
Vasilije AdÅ¾iÄ,Juventus,19,1
Michel Aebischer,Pisa,28,0
David Affengruber,Elche,24,0
Oladapo Afolayan,St. Pauli,27,0
Emmanuel Agbadou,Wolves,28,0
Julen Agirrezabala,Valencia,25,0
Lucien Agoume,Sevilla,23,1
Felix Agu,Werder Bremen,26,0
Marc Aguado,Elche,25,0
Pablo AgudÃ­n,Oviedo,18,0
Nayef Aguerd,West Ham,29,0
Nayef Aguerd,Marseille,29,1
Ruben Aguilar,Lens,32,0
Honest Ahanor,Atalanta,17,0
Lucas Ahijado,Oviedo,30,0
Joseph Aidoo,Celta Vigo,30,0
Ola Aina,Nott'ham Forest,29,0
Abdelhamid Ait Boudlal,Rennes,19,2
Rayan AÃ¯t-Nouri,Manchester City,24,0
Tosin Aiyegun,Lorient,27,3
Junior Ajayi,Hellas Verona,21,0
Kristoffer Ajer,Brentford,27,0
Ludovic Ajorque,Brest,31,2
Manuel Akanji,Inter,30,0
Nathan AkÃ©,Manchester City,30,0
Ilias Akhomach,Villarreal,21,0
Ebenezer Akinsanmiro,Pisa,21,0
Maghnes Akliouche,Monaco,23,3
ClÃ©ment Akpa,Auxerre,24,0
Jean-Daniel Akpa-Akpro,Hellas Verona,33,0
Kevin Akpoguma,Hoffenheim,30,0
David Alaba,Real Madrid,33,0
RaÃºl Albiol,Pisa,40,0
Carlos Alcaraz,Everton,23,0
Omar Alderete,Sunderland,29,1
Alexandre AlemÃ£o,Rayo Vallecano,27,1
Carles AleÃ±Ã¡,AlavÃ©s,28,0
Trent Alexander-Arnold,Real Madrid,27,0
Alfon,Sevilla,26,1
Mohamed Ali Cho,Nice,21,2
Alisson,Liverpool,33,0
Jim Allevinah,Angers,30,0
Thiago Almada,AtlÃ©tico Madrid,24,2
Domingos AndrÃ© Ribeiro Almeida,Valencia,25,0
Pontus Almqvist,Parma,26,0
Marcos Alonso,Celta Vigo,35,0
AdriÃ  Altimira,Villarreal,24,0
Sergi Altimira,Betis,24,1
Carlos Ãlvarez,Levante,22,3
Hugo Ãlvarez,Celta Vigo,22,2
JuliÃ¡n Ãlvarez,AtlÃ©tico Madrid,25,7
Skelly Alvero,Werder Bremen,23,0
Jaydon Amauri Banel,Burnley,21,0
Giuseppe Ambrosino,Napoli,22,0
Aurele Amenda,Eint Frankfurt,22,0
Kelvin Amian,Nantes,27,0
Mohamed Amine Sbai,Angers,25,0
Michael Amir Murillo,Marseille,29,2
Nadiem Amiri,Mainz 05,29,3
Samuel Amo-Ameyaw,Strasbourg,19,1
Mathis Amougou,Strasbourg,19,0
Mohamed Amoura,Wolfsburg,25,6
Ethan Ampadu,Leeds United,25,1
Sofyan Amrabat,Betis,29,0
Joachim Andersen,Fulham,29,0
Elliot Anderson,Nott'ham Forest,23,1
AndrÃ©,Wolves,24,0
Benjamin AndrÃ©,Lille,35,2
Robert Andrich,Leverkusen,31,1
Miguel Ãngel Rubio,Espanyol,27,1
Miguel Ãngel Sierra,Sevilla,21,0
AngeliÃ±o,Roma,29,0
Samuele Angori,Pisa,22,0
Faustino Anjorin,Torino,24,0
Ilyas Ansah,Union Berlin,21,5
Aaron Anselmino,Dortmund,20,1
Jaidon Anthony,Burnley,26,4
Waldemar Anton,Dortmund,29,1
Antoniu,Espanyol,23,0
Antony,Betis,25,5
Youssef El-Arabi,Nantes,38,3
Mauro Arambarri,Getafe,30,3
Jon Aramburu,Real Sociedad,23,0
Juan Arango,Girona,19,0
Ronald AraÃºjo,Barcelona,26,2
Carlens Arcus,Angers,29,0
Alphonse Areola,West Ham,32,0
JesÃºs Areso,Athletic Club,26,0
Paul Argney,Le Havre,19,0
IÃ±igo Arguibide,Osasuna,20,0
Jhon Arias,Wolves,28,1
Harrison Armstrong,Everton,18,0
HÃ¡kon Arnar Haraldsson,Lille,22,5
Maximilian Arnold,Wolfsburg,31,1
Tolu Arokodare,Wolves,25,1
Kervin Arriaga,Levante,28,1
Arthur,Leverkusen,22,0
Takuma Asano,Mallorca,31,1
RaÃºl Asencio,Real Madrid,22,1
Fisnik Asllani,Hoffenheim,23,6
Kristjan Asllani,Torino,23,0
Joel Asoro,Metz,26,0
Iago Aspas,Celta Vigo,38,2
Yaser Asprilla,Girona,22,0
Lorenz Assignon,Stuttgart,25,0
Dehmaine Assoumani,Nantes,20,0
Lander Astiazaran,Real Sociedad,19,0
Otavio Ataide,Paris FC,23,0
Zachary Athekame,Milan,21,1
Arthur Atta,Udinese,22,1
Noah Atubolu,Freiburg,23,0
Pierre-Emerick Aubameyang,Marseille,36,5
Emil Audero,Cremonese,28,0
Carlos Augusto,Inter,26,1
Yann Aurel Bisseck,Inter,25,1
Leon Avdullahu,Hoffenheim,21,0
Ezequiel Ãvila,Betis,31,0
Arthur Avom,Lorient,21,0
Chidozie Awaziem,Nantes,29,1
Taiwo Awoniyi,Nott'ham Forest,28,0
Yasin Ayari,Brighton,22,2
Neil El Aynaoui,Roma,24,0
CÃ©sar Azpilicueta,Sevilla,36,0
Oussama El Azzouzi,Auxerre,24,1
Mio Backhaus,Werder Bremen,21,0
LoÃ¯c Bade,Leverkusen,25,0
BenoÃ®t Badiashile,Chelsea,24,0
Alex Baena,AtlÃ©tico Madrid,24,2
Samson Baidoo,Lens,21,2
Leon Bailey,Roma,28,0
Eric Bailly,Oviedo,31,0
Theo Bair,Auxerre,26,0
CÃ©dric Bakambu,Betis,34,1
Johan Bakayoko,RB Leipzig,22,2
Darryl Bakola,Marseille,18,0
Ridle Baku,RB Leipzig,27,0
Dilane Bakwa,Nott'ham Forest,23,0
Dilane Bakwa,Strasbourg,23,1
Tommaso Baldanzi,Roma,22,1
Alejandro Balde,Barcelona,22,0
Fabio BaldÃ©,Hamburger SV,20,0
Carlos Baleba,Brighton,22,0
Leonardo Balerdi,Marseille,26,0
Daniel Ballard,Sunderland,26,2
IvÃ¡n Balliu,Rayo Vallecano,34,0
FodÃ© Ballo-TourÃ©,Metz,29,0
Folarin Balogun,Monaco,24,4
Abdoulaye Bamba,Angers,35,0
Aladji Bamba,Monaco,19,0
Mohamed Bamba,Lorient,24,1
Lameck Banda,Lecce,24,2
Noahkai Banks,Augsburg,19,1
Ezechiel Banzuzi,RB Leipzig,20,0
Tommaso Barbieri,Cremonese,23,0
ValentÃ­n Barco,Strasbourg,21,1
Bradley Barcola,Paris S-G,23,5
Melvin Bard,Nice,25,1
Roony Bardghji,Barcelona,20,1
NicolÃ² Barella,Inter,28,1
Kike Barja,Osasuna,28,0
Ross Barkley,Aston Villa,32,1
Ashley Barnes,Burnley,36,0
Harvey Barnes,Newcastle Utd,28,3
Ander Barrenetxea,Real Sociedad,24,3
Pablo Barrios,AtlÃ©tico Madrid,22,1
Thierno Barry,Everton,23,3
Davide Bartesaghi,Milan,20,2
Marc Bartra,Betis,34,1
Federico Baschirotto,Cremonese,29,2
Toma BaÅ¡iÄ,Lazio,29,1
Calvin Bassey,Fulham,26,1
Alessandro Bastoni,Inter,26,1
Augusto Batalla,Rayo Vallecano,29,0
Michy Batshuayi,Eint Frankfurt,32,1
Martin Baturina,Como,22,1
Daniel Batz,Mainz 05,34,0
Elias Baum,Eint Frankfurt,20,0
Oliver Baumann,Hoffenheim,35,0
Christoph Baumgartner,RB Leipzig,26,6
Altay BayÄ±ndÄ±r,Manchester Utd,27,0
Vakoun Bayo,Udinese,28,0
Ihlas Bebou,Hoffenheim,31,0
Samu Becerra,Rayo Vallecano,20,0
Adrian Beck,Heidenheim,28,0
Sheraldo Becker,Osasuna,30,0
Donny van de Beek,Girona,28,0
TjaÅ¡ BegiÄ,Parma,22,0
Maximilian Beier,Dortmund,23,4
Ismael Bekhoucha,Getafe,21,0
Reda Belahyane,Lazio,21,0
Rafik Belghali,Hellas Verona,23,2
Haris Belkebla,Angers,31,0
Yassin Belkhdim,Angers,23,2
Stefan Bell,Mainz 05,34,0
Armel Bella Kotchap,Hellas Verona,24,0
Raoul Bellanova,Atalanta,25,0
Jean-Ricner Bellegarde,Wolves,27,1
HÃ©ctor BellerÃ­n,Betis,30,0
Jobe Bellingham,Dortmund,20,0
Jude Bellingham,Real Madrid,22,4
JeanuÃ«l Belocian,Leverkusen,20,0
Andrea Belotti,Cagliari,32,2
Fran BeltrÃ¡n,Celta Vigo,26,0
Lucas BeltrÃ¡n,Valencia,24,1
Eliesse Ben Seghir,Monaco,20,0
Eliesse Ben Seghir,Leverkusen,20,0
Carlos BenavÃ­dez,AlavÃ©s,27,0
Adrian Benedyczak,Parma,25,1
Yassine Benhattab,Nantes,23,0
Iker Benito,Osasuna,23,1
Mohamed Benoit Dao,Paris FC,18,0
Ramy Bensebaini,Dortmund,30,1
Nabil Bentaleb,Lille,31,2
Rodrigo Bentancur,Tottenham,28,1
Lucas Beraldo,Paris S-G,22,1
Domenico Berardi,Sassuolo,31,4
Yuri Berchiche,Athletic Club,35,0
Ãlex Berenguer,Athletic Club,30,2
Sander Berge,Fulham,27,0
Lucas BergstrÃ¶m,Mallorca,23,0
Lucas Bergvall,Tottenham,19,1
Medon Berisha,Lecce,22,2
Anthony Bermont,Lens,20,0
Adrian Bernabe,Parma,24,2
Marc Bernal,Barcelona,18,0
Federico Bernardeschi,Bologna,31,1
Bernardo,Hoffenheim,30,0
Lorenzo Bernasconi,Atalanta,22,0
Antoine Bernede,Hellas Verona,26,1
NicolÃ² Bertola,Udinese,22,0
Jan-Niklas Beste,Freiburg,27,0
Beto,Everton,27,2
Sam Beukema,Napoli,27,1
Matteo Bianchetti,Cremonese,32,0
Mika Biereth,Monaco,22,2
Pedro Bigas,Elche,35,0
Jaka Bijol,Leeds United,26,1
Cristiano Biraghi,Torino,33,0
Tom Bischof,Bayern Munich,20,0
Leonardo Bittencourt,Werder Bremen,32,0
Emmanuel Biumla,Angers,20,0
Marco Bizot,Aston Villa,34,0
Antonio Blanco,AlavÃ©s,25,0
Ludovic Blas,Rennes,28,3
Daley Blind,Girona,35,0
Adam Boayar,Elche,20,0
Oscar Bobb,Manchester City,22,0
Ben Bobzien,Mainz 05,22,0
Arnaud Bodart,Lille,27,0
Sacha Boey,Bayern Munich,25,0
Jeremie Boga,Nice,29,2
Lamare Bogarde,Aston Villa,22,0
Jayden Bogle,Leeds United,25,0
Adama Boiro,Athletic Club,23,0
Morgan BokelÃ© Mputu,Metz,21,0
Daniel Boloca,Sassuolo,27,0
MoÃ¯se Bombito,Nice,25,0
Federico Bonazzoli,Cremonese,28,5
Warren Bondo,Cremonese,22,0
Giovanni Bonfanti,Pisa,22,0
Victor Boniface,Werder Bremen,25,0
Rahim Bonkano,Oviedo,24,0
Ange-Yoan Bonny,Inter,22,4
Sebastiaan Bornauw,Leeds United,26,0
Gennaro Borrelli,Cagliari,25,3
Olivier Boscagli,Brighton,28,0
Sven Botman,Newcastle Utd,25,0
Ayyoub Bouaddi,Lille,18,0
Hicham Boudaoui,Nice,26,1
Justin Bourgault,Brest,20,0
Jarrod Bowen,West Ham,29,6
Lucas BoyÃ©,AlavÃ©s,29,4
Enzo Boyomo,Osasuna,24,1
Domagoj BradariÄ,Hellas Verona,26,0
Conor Bradley,Liverpool,22,0
Bilal Brahimi,Nice,25,0
Julian Brandt,Dortmund,29,4
Lilian Brassier,Rennes,26,0
Iker Bravo,Udinese,20,1
Josip Brekalo,Oviedo,27,0
Gleison Bremer,Juventus,28,0
Marco Brescianini,Atalanta,25,1
Abel Bretones,Osasuna,25,1
Sascha Britschgi,Parma,19,0
Brian Brobbey,Sunderland,23,3
Marius Broholm,Lille,21,1
Armando Broja,Burnley,24,1
David Brooks,Bournemouth,28,1
Nathaniel Brown,Eint Frankfurt,22,1
Brugui,Levante,29,0
Paris Brunner,Monaco,19,0
Jacob Bruun Larsen,Burnley,27,0
Ante Budimir,Osasuna,34,6
Emi BuendÃ­a,Aston Villa,29,4
Hugo Bueno,Wolves,23,0
Manu Bueno,Sevilla,21,0
Santiago Bueno,Wolves,27,2
Louis Buffon,Pisa,18,0
Adam Buksa,Udinese,29,1
Andrija BulatoviÄ,Lens,19,0
Marius BÃ¼lter,KÃ¶ln,32,3
Alessandro Buongiorno,Napoli,26,0
Livan Burcu,Union Berlin,21,0
Jan BÃ¼rger,Wolfsburg,18,0
Wouter Burger,Hoffenheim,24,3
Jonathan Burkardt,Eint Frankfurt,25,8
Oliver Burke,Union Berlin,28,4
Vincent Burlet,Lille,20,0
Dan Burn,Newcastle Utd,33,0
Bradley Burrowes,Aston Villa,17,0
Marnon Busch,Heidenheim,31,0
AurÃ©lio Buta,Eint Frankfurt,28,0
Jean Butez,Como,30,0
Sam Byram,Leeds United,32,0
William BÃ¸ving,Mainz 05,22,0
RÃ©my Cabella,Nantes,35,1
Jorge Cabello,Levante,21,0
Pape Cabral,Monaco,18,0
Leandro Cabrera,Espanyol,34,2
Anthony Caci,Mainz 05,28,0
Noah Cadiou,Lorient,27,0
Mathieu Cafaro,Paris FC,28,0
MoisÃ©s Caicedo,Chelsea,24,3
Tom Cairney,Fulham,34,1
Arturo Calabresi,Pisa,29,0
Riccardo Calafiori,Arsenal,23,1
Calebe,AlavÃ©s,25,0
Duje Äaleta-Car,Real Sociedad,29,0
Hakan ÃalhanoÄlu,Inter,31,6
Dominic Calvert-Lewin,Leeds United,28,8
Dani Calvo,Oviedo,31,0
Adama Camara,Paris FC,33,0
Adama Camara,Paris FC,29,1
Amady Camara,Nantes,20,0
Dawda Camara,Girona,23,0
Lamine Camara,Monaco,22,0
Mahdi Camara,Rennes,27,1
Ousmane Camara,Angers,22,1
Francesco Camarda,Lecce,17,1
Eduardo Camavinga,Real Madrid,23,1
NicolÃ² Cambiaghi,Bologna,25,2
Andrea Cambiaso,Juventus,25,1
Axel Camblan,Brest,22,0
Sergio Camello,Rayo Vallecano,24,0
Cole Campbell,Dortmund,19,0
Emre Can,Dortmund,31,1
Matteo Cancellieri,Lazio,23,3
Fali CandÃ©,Sassuolo,27,0
Simone Canestrelli,Pisa,25,0
Jaydee Canvot,Crystal Palace,19,0
Jaydee Canvot,Toulouse,19,0
NicolÃ¡s Capaldo,Hamburger SV,28,0
Pierrick Capelle,Angers,38,0
Elia Caprile,Cagliari,24,0
Maxence Caqueret,Como,25,0
Antonio Caracciolo,Pisa,35,0
Valentin Carboni,Genoa,20,0
Sergi Cardona,Villarreal,26,0
FÃ¡bio Cardoso,Sevilla,31,0
Johnny Cardoso,AtlÃ©tico Madrid,24,0
Igor Carioca,Lorient,29,1
Patrik Carlgren,Nantes,33,0
Diego Carlos,Como,32,0
Kevin Carlos,Nice,24,0
David Carmo,Oviedo,26,1
Carmona,Sevilla,23,1
Marco Carnesecchi,Atalanta,25,0
Sergio Carreira,Celta Vigo,25,1
Gorka Carrera,Real Sociedad,20,0
Ãlvaro Carreras,Real Madrid,22,1
Dani Carvajal,Real Madrid,33,0
Fabio Carvalho,Brentford,23,1
Cesare Casadei,Torino,22,1
Marc Casado,Barcelona,22,0
NicolÃ² Casale,Bologna,27,0
Casemiro,Manchester Utd,33,4
Matty Cash,Aston Villa,28,3
JosuÃ© Casimir,Auxerre,24,0
Cristian CÃ¡sseres Jr.,Toulouse,25,0
Timothy Castagne,Fulham,30,0
ValentÃ­n Castellanos,Lazio,27,2
Castrin,Sevilla,23,0
Jonny Castro,AlavÃ©s,31,0
Santiago Castro,Bologna,21,5
Alessio Castro-Montes,KÃ¶ln,28,0
Danilo Cataldi,Lazio,31,1
Catena,Osasuna,31,2
NicolÃ² Cavuoti,Cagliari,22,0
Santi Cazorla,Oviedo,41,0
Dani Ceballos,Real Madrid,29,0
Federico Ceccherini,Cremonese,33,0
Abdoulie Ceesay,St. Pauli,22,0
Zeki Ãelik,Roma,28,1
Fabien Centonze,Nantes,29,2
VÃ¡clav ÄernÃ½,Wolfsburg,28,0
Julian Chabot,Stuttgart,27,0
El Chadaille Bitshiabu,RB Leipzig,20,0
Fares ChaÃ¯bi,Eint Frankfurt,23,1
Ilyas Chaira,Oviedo,24,0
Trevoh Chalobah,Chelsea,26,3
Fallou Cham,Hellas Verona,19,0
Brendan Chardonnet,Brest,31,0
Pep ChavarrÃ­a,Rayo Vallecano,27,1
Arthur Chaves,Hoffenheim,24,0
Walid Cheddira,Sassuolo,27,1
Chema,Stuttgart,20,1
Samir Chergui,Paris FC,26,1
Sidiki Cherif,Angers,19,4
Rayan Cherki,Manchester City,22,2
Lucas Chevalier,Paris S-G,24,0
Fabio Chiarodia,Gladbach,20,0
Federico Chiesa,Liverpool,28,2
Ben Chilwell,Strasbourg,29,0
Tawanda Chirewa,Wolves,22,0
Joris Chotard,Brest,24,2
Andreas Christensen,Barcelona,29,0
Ryan Christie,Bournemouth,30,1
Carney Chukwuemeka,Dortmund,22,1
Samuel Chukwueze,Fulham,26,2
Samuel Chukwueze,Milan,26,0
VÃ­ctor Chust,Elche,25,0
Alessandro Circati,Parma,22,1
Dennis Cirkin,Sunderland,23,0
PathÃ© Ciss,Rayo Vallecano,31,0
Djaoui CissÃ©,Rennes,21,0
Mamoudou Cissokho,Auxerre,18,0
Alexis Claude-Maurice,Augsburg,27,0
Jonathan Clauss,Nice,33,1
Nathaniel Clyne,Crystal Palace,34,0
SaÃºl Coco,Torino,26,1
SÃ©amus Coleman,Everton,37,0
Maxime Colin,Metz,34,0
Nathan Collins,Brentford,24,1
Nnamdi Collins,Eint Frankfurt,21,0
Michele Collocolo,Cremonese,26,0
Santiago Colombatto,Oviedo,28,0
Lorenzo Colombo,Genoa,23,3
Eray CÃ¶mert,Valencia,27,0
Santi ComesaÃ±a,Villarreal,29,2
Pietro Comuzzo,Fiorentina,20,0
Francisco ConceiÃ§Ã£o,Juventus,23,2
Sirlord Conteh,Heidenheim,29,1
Lewis Cook,Bournemouth,28,0
Copete,Valencia,26,0
Diego Coppola,Brighton,22,0
Francis Coquelin,Nantes,34,0
Derek Cornelius,Marseille,28,0
Maxwel Cornet,Genoa,29,0
FÃ©lix Correia,Lille,24,3
Thierry Correia,Valencia,26,0
Edoardo Corvi,Parma,24,0
Coba da Costa,Getafe,23,0
Danny da Costa,Mainz 05,32,1
Samu Costa,Mallorca,25,3
David Costas,Oviedo,30,0
GrÃ©goire Coudert,Brest,26,0
VladimÃ­r Coufal,Hoffenheim,33,1
Abdoul Coulibaly,Werder Bremen,18,1
Lassana Coulibaly,Lecce,29,2
Lasso Coulibaly,Auxerre,23,0
Mamadou Coulibaly,Monaco,21,2
SoumaÃ¯la Coulibaly,Brest,22,0
Woyo Coulibaly,Sassuolo,26,0
Marius Courcoul,Angers,19,0
Thibaut Courtois,Real Madrid,33,0
Yan Couto,Dortmund,23,1
Patrice ÄoviÄ,Werder Bremen,18,0
Nicolas Cozza,Nantes,26,0
Ben Cremaschi,Parma,20,0
Charlie Cresswell,Toulouse,23,3
Bryan Cristante,Roma,30,1
Juan Cruz Armada,Osasuna,33,0
Juan Cuadrado,Pisa,37,1
Pau CubarsÃ­,Barcelona,18,0
Cucho,Betis,26,8
Marc Cucurella,Chelsea,27,0
Jorge Cuenca,Fulham,26,0
Montrell Culbreath,Leverkusen,18,1
Josh Cullen,Burnley,29,2
Pablo CuÃ±at,Levante,23,0
Jair Cunha,Nott'ham Forest,20,0
Matheus Cunha,Manchester Utd,26,4
Patrick Cutrone,Parma,28,1
Lucas Da Cunha,Como,24,1
Adam Daghim,Wolfsburg,20,2
Finn Dahmen,Augsburg,27,0
Mahmoud Dahoud,Eint Frankfurt,30,1
David Daiber,Bayern Munich,18,0
Ameen Al-Dakhil,Stuttgart,23,0
Thijs Dallinga,Bologna,25,1
Diogo Dalot,Manchester Utd,26,1
Muhammed Damar,Hoffenheim,21,0
Mikkel Damsgaard,Brentford,25,1
Arnaut Danjuma,Valencia,28,3
KÃ©vin Danois,Auxerre,21,1
Kevin Danso,Tottenham,27,0
Dante,Nice,42,0
Bence DÃ¡rdai,Wolfsburg,19,0
Aiman Dardari,Augsburg,20,0
Sergi Darder,Mallorca,32,0
Karl Darlow,Leeds United,35,0
Matteo Darmian,Inter,36,0
Juan David Cabal,Juventus,24,2
Jonathan David,Juventus,25,1
Alphonso Davies,Bayern Munich,25,0
Ben Davies,Tottenham,32,1
Davinchi,Getafe,18,0
Kevin De Bruyne,Napoli,34,4
Mathys De Carvalho,Lyon,20,0
Maxim De Cuyper,Brighton,25,2
Charles De Ketelaere,Atalanta,24,2
Jeffrey De Lange,Marseille,27,0
Manuel De Luca,Cremonese,27,1
ThÃ©o De Percin,Auxerre,24,0
Lorenzo De Silvestri,Bologna,37,0
Thibault De Smet,Paris FC,27,0
Koni De Winter,Milan,23,0
Alessandro Deiola,Cagliari,30,0
Romain Del Castillo,Brest,29,6
Enrico Del Prato,Parma,26,1
Thomas Delaine,Le Havre,33,0
Liam Delap,Chelsea,22,0
Fisayo Dele-Bashiru,Lazio,24,0
Ali DembÃ©lÃ©,Torino,22,0
Ousmane DembÃ©lÃ©,Paris S-G,28,3
Jessy Deminguet,Metz,27,1
Ermedin DemiroviÄ,Stuttgart,27,3
Rav van den Berg,KÃ¶ln,21,0
Sepp van den Berg,Brentford,24,0
Leander Dendoncker,Oviedo,30,1
Daniel Denoon,Pisa,21,0
Nelson Deossa,Betis,25,0
RÃ©my Descamps,Lyon,29,0
Bahmed Deuff,Nantes,19,0
Justin Devenny,Crystal Palace,22,1
Tidiane Devernois,Auxerre,18,0
Michele Di Gregorio,Juventus,28,0
Giovanni Di Lorenzo,Napoli,32,0
Alessandro Di Pardo,Cagliari,26,0
Boulaye Dia,Lazio,29,1
Bambo Diaby,Elche,28,0
Mouctar Diakhaby,Valencia,29,1
BafodÃ© DiakitÃ©,Bournemouth,24,0
Amad Diallo,Manchester Utd,23,2
Habib Diallo,Metz,30,3
Zoumana Diallo,Nice,20,0
Grady Diangana,Elche,27,0
Assane Diao,Como,20,0
Soriba Diaoune,Lille,18,1
Habib Diarra,Sunderland,22,0
Moussa Diarra,AlavÃ©s,25,0
RÃºben Dias,Manchester City,28,2
KrÃ©pin Diatta,Monaco,26,0
Mory Diaw,Le Havre,32,0
Brahim DÃ­az,Real Madrid,26,0
Junior Diaz,Brest,22,0
Luis DÃ­az,Bayern Munich,28,8
Pedro DÃ­az,Rayo Vallecano,27,0
Tyler Dibling,Everton,19,0
Nouha Dicko,Paris FC,33,1
Bamba Dieng,Lorient,25,1
Eric Dier,Monaco,31,1
Lucas Digne,Aston Villa,32,0
Kevin Diks,Gladbach,29,2
Federico Dimarco,Inter,28,2
Junior Dina Ebimbe,Brest,25,1
Eren DinkÃ§i,Freiburg,24,0
Sinaly Diomande,Auxerre,24,1
Yan DiomandÃ©,RB Leipzig,19,6
Issa Diop,Fulham,28,0
SÃ©rignÃ© Diop,Brest,20,0
Sofiane Diop,Nice,25,6
Andy Diouf,Inter,22,0
Andy Diouf,Lens,22,0
El Hadji Malick Diouf,West Ham,21,0
Yehvann Diouf,Nice,26,0
Assane DioussÃ©,Auxerre,28,0
MatÃ­as Dituro,Elche,38,0
DjenÃ©,Getafe,34,0
Harouna Djibrin,Angers,19,2
Berat Djimsiti,Atalanta,32,0
Marko DmitroviÄ,Espanyol,33,0
Ritsu Doan,Eint Frankfurt,27,4
DodÃ´,Fiorentina,27,0
Danilho Doekhi,Union Berlin,27,4
Matt Doherty,Wolves,33,0
Josh Doig,Sassuolo,23,0
Jeremy Doku,Manchester City,23,1
Tyrhys Dolan,Espanyol,24,0
Marc Domenech,Mallorca,20,0
BenjamÃ­n DomÃ­nguez,Bologna,22,0
Carlos Dominguez,Celta Vigo,24,0
NicolÃ¡s DomÃ­nguez,Nott'ham Forest,27,0
Jean-Luc DompÃ©,Hamburger SV,30,2
John Donald,Elche,25,1
Gianluigi Donnarumma,Manchester City,26,0
Patrick Dorgu,Manchester Utd,21,1
Niklas Dorsch,Heidenheim,27,0
Lohann Doucet,Paris FC,23,1
FodÃ© DoucourÃ©,Le Havre,24,2
SÃ©kou Doucoure,Nantes,20,0
DÃ©sirÃ© DouÃ©,Paris S-G,20,3
Guela DouÃ©,Strasbourg,23,1
IsmaÃ«l DoukourÃ©,Strasbourg,22,0
Kamory Doumbia,Brest,22,4
Anastasios Douvikas,Como,26,4
Artem Dovbyk,Roma,28,2
Max Dowman,Arsenal,16,0
Radu DrÄguÈin,Tottenham,23,0
JoÃ©l Drakes-Thomas,Crystal Palace,16,0
Domingos Duarte,Getafe,30,0
Martin DÃºbravka,Burnley,36,0
Denzel Dumfries,Inter,29,1
Lewis Dunk,Brighton,34,0
Maxime DupÃ©,Nice,32,0
Pablo DurÃ¡n,Celta Vigo,24,2
Hugo Duro,Valencia,26,6
Paulo Dybala,Roma,32,1
Edin DÅ¾eko,Fiorentina,39,0
Adam DÅºwigaÅa,St. Pauli,30,1
Aron DÃ¸nnum,Toulouse,27,3
George Earthy,West Ham,21,0
Simon Ebonog,Le Havre,21,0
Enzo Ebosse,Hellas Verona,26,0
Claudio Echeverri,Leverkusen,20,0
Ãderson,Atalanta,26,0
Noah Edjouma,Toulouse,20,0
Odsonne Ãdouard,Crystal Palace,27,0
Odsonne Ãdouard,Lens,27,7
Marcus Edwards,Burnley,27,0
CJ Egan-Riley,Marseille,23,0
Maximilian Eggestein,Freiburg,29,2
Kingsley Ehizibue,Udinese,30,0
Ovie Ejaria,Oviedo,28,0
Chidera Ejuke,Sevilla,28,1
Hjalmar Ekdal,Burnley,27,0
Jeff Ekhator,Genoa,19,2
Hugo Ekitike,Liverpool,23,8
Jurgen Ekkelenkamp,Udinese,25,1
Jacques Ekomie,Angers,22,0
Caleb Ekuban,Genoa,31,1
Anthony Elanga,Newcastle Utd,23,0
Daniel Elfadli,Hamburger SV,28,0
Unai Elgezabal,Levante,32,0
Mikael Ellertsson,Genoa,23,1
Harvey Elliott,Liverpool,22,0
Harvey Elliott,Aston Villa,22,0
Elif Elmas,Napoli,26,0
Aritz Elustondo,Real Sociedad,31,0
Nico Elvedi,Gladbach,29,0
Breel Embolo,Rennes,28,4
Emanuel Emegha,Strasbourg,22,4
Emersonn,Toulouse,21,3
Julio Enciso,Strasbourg,21,0
Wataru Endo,Liverpool,32,0
Endrick,Real Madrid,19,0
Yannik Engelhardt,Gladbach,24,1
Christian Eriksen,Wolfsburg,33,0
AarÃ³n Escandell,Oviedo,30,0
Carlos EspÃ­,Levante,20,1
Alfonso Espino,Rayo Vallecano,34,1
Francesco Esposito,Inter,20,1
Sebastiano Esposito,Cagliari,23,3
Romain Esse,Crystal Palace,20,0
Samuel Essende,Augsburg,27,1
Marco Esteban,Oviedo,20,0
Maxime EstÃ¨ve,Burnley,23,0
Nahuel EstÃ©vez,Parma,30,0
Pervis EstupiÃ±Ã¡n,Milan,27,0
Karl Etta Eyong,Villarreal,22,1
Karl Etta Eyong,Levante,22,5
Evanilson,Bournemouth,26,3
Edu ExpÃ³sito,Espanyol,29,0
Eberechi Eze,Arsenal,27,4
Eberechi Eze,Crystal Palace,27,0
Abde Ezzalzouli,Betis,24,3
Giovanni Fabbian,Bologna,22,1
Alieu Fadera,Sassuolo,24,1
NicolÃ² Fagioli,Fiorentina,24,0
Omar Falah,Oviedo,22,0
Wladimiro Falcone,Lecce,30,0
Ansu Fati,Monaco,23,5
Abdoulaye Faye,Lorient,21,0
Jacopo Fazzini,Fiorentina,22,0
Aleix Febas,Elche,29,1
Mattia Felici,Cagliari,24,2
Luiz Felipe,Rayo Vallecano,28,0
Robin Fellhauer,Augsburg,27,1
Kiko FemenÃ­a,Getafe,34,0
Evan Ferguson,Roma,21,2
Lewis Ferguson,Bologna,26,0
Enzo FernÃ¡ndez,Chelsea,24,6
EzequiÃ©l FernÃ¡ndez,Leverkusen,23,0
Manu FernÃ¡ndez,Celta Vigo,24,0
Toni FernÃ¡ndez,Barcelona,17,0
Seydou Fini,Genoa,19,0
Max FinkgrÃ¤fe,RB Leipzig,21,0
Junior Firpo,Betis,29,0
Jonathan Fischer,Metz,24,0
Kilian Fischer,Wolfsburg,25,0
Mark Flekken,Leverkusen,32,0
Zian Flemming,Burnley,27,5
Jack Fletcher,Manchester Utd,18,0
Romano Floriani,Cremonese,22,0
Phil Foden,Manchester City,25,7
Malick Fofana,Lyon,20,2
Rayan Fofana,Lens,19,2
Seko Fofana,Rennes,30,1
Wesley Fofana,Chelsea,25,0
Youssouf Fofana,Milan,26,1
Jonas FÃ¶hrenbach,Heidenheim,29,1
Francesco Folino,Cremonese,23,1
Michael Folorunsho,Cagliari,27,1
Nicolas Fonseca,Oviedo,27,0
Ãlex ForÃ©s,Oviedo,24,0
Pablo Fornals,Betis,29,4
HÃ©ctor Fort,Elche,19,1
NiccolÃ² Fortini,Fiorentina,19,0
Lyle Foster,Burnley,25,2
Dimitri Foulquier,Valencia,32,0
Juan Foyth,Villarreal,27,0
Alejandro FrancÃ©s,Girona,23,0
PrzemysÅaw Frankowski,Rennes,30,1
Davide Frattesi,Inter,26,0
Oscar Fraulo,Gladbach,22,1
Tyler Fredricson,Manchester Utd,20,0
Morten Frendrup,Genoa,24,0
Martin Frese,Hellas Verona,28,0
Remo Freuler,Bologna,33,0
Marco Friedl,Werder Bremen,27,1
Marvin Friedrich,Gladbach,30,0
Jeremie Frimpong,Liverpool,25,0
Jorge de Frutos,Rayo Vallecano,28,5
Chris FÃ¼hrich,Stuttgart,27,2
Joel Fujita,St. Pauli,23,0
Niclas FÃ¼llkrug,West Ham,32,0
Niclas FÃ¼llkrug,Milan,32,0
Matteo Gabbia,Milan,26,0
Tiago Gabriel,Lecce,21,1
Gianluca Gaetano,Cagliari,25,2
Roberto Gagliardini,Hellas Verona,31,1
Cody Gakpo,Liverpool,26,5
Javi GalÃ¡n,Osasuna,31,0
Javi GalÃ¡n,AtlÃ©tico Madrid,31,0
IÃ±igo Ruiz de Galarreta,Athletic Club,32,0
Conor Gallagher,AtlÃ©tico Madrid,25,2
Antonino Gallo,Lecce,26,0
Idrissa Gana Gueye,Everton,36,2
IsmaÃ«lo Ganiou,Lens,20,2
Ben Gannon-Doak,Bournemouth,20,0
Facundo GarcÃ©s,AlavÃ©s,26,0
Aleix GarcÃ­a,Leverkusen,28,0
Ãlvaro GarcÃ­a,Rayo Vallecano,33,3
AndrÃ©s GarcÃ­a,Aston Villa,22,0
Eric GarcÃ­a,Barcelona,24,1
Fran Garcia,Real Madrid,26,1
Gonzalo GarcÃ­a,Real Madrid,21,3
Joan GarcÃ­a,Barcelona,24,0
Pablo Garcia,Betis,19,0
RubÃ©n GarcÃ­a,Osasuna,32,2
Ulisses Garcia,Marseille,29,0
VÃ­ctor GarcÃ­a,Levante,28,0
Alejandro Garnacho,Chelsea,21,1
James Garner,Everton,24,2
Federico Gatti,Juventus,27,1
Gavi,Barcelona,21,0
Jusuf GazibegoviÄ,KÃ¶ln,25,0
Paulo Gazzaniga,Girona,34,0
Jean-Philippe Gbamin,Metz,30,1
Yann Gboho,Toulouse,24,5
David de Gea,Fiorentina,35,0
Lutsharel Geertruida,Sunderland,25,0
Valentin Gendrey,Hoffenheim,25,0
Tyrique George,Chelsea,19,0
Yannick Gerhardt,Wolfsburg,31,0
Willem Geubbels,Paris FC,24,3
IsmaÃ«l Gharbi,Augsburg,21,0
Mourad El Ghezouani,Elche,27,0
Rachid Ghezzal,Lyon,33,0
Daniele Ghilardi,Roma,22,0
Andrea Ghion,Sassuolo,25,0
Dimitris Giannoulis,Augsburg,30,2
Morgan Gibbs-White,Nott'ham Forest,25,4
Bryan Gil,Girona,24,0
Mario Gila,Lazio,25,0
Billy Gilmour,Napoli,24,1
Benedikt Gimber,Heidenheim,28,0
Santiago GimÃ©nez,Milan,24,0
Gvidas Gineitis,Torino,21,0
Matthias Ginter,Freiburg,31,0
Giovane,Hellas Verona,22,3
Olivier Giroud,Lille,39,4
Jamie Gittens,Chelsea,21,0
Robert Glatzel,Hamburger SV,31,1
Serge Gnabry,Bayern Munich,30,4
Wilfried Gnonto,Leeds United,22,0
Giorgi Gocholeishvili,Hamburger SV,24,0
Martial Godo,Strasbourg,22,2
Maxima Goffi,Lille,17,0
Saba Goglichidze,Udinese,21,0
Edoardo Goldaniga,Como,32,0
Aleksandr Golovin,Monaco,29,2
AndrÃ© Gomes,Lille,32,0
Angel Gomes,Marseille,25,3
JoÃ£o Gomes,Wolves,24,0
Rodrigo Gomes,Wolves,22,1
Toti Gomes,Wolves,26,0
Diego GÃ³mez,Brighton,22,3
Joe Gomez,Liverpool,28,0
Moi GÃ³mez,Osasuna,31,0
Sergio GÃ³mez,Real Sociedad,25,0
Unai GÃ³mez,Athletic Club,22,0
ValentÃ­n GÃ³mez,Betis,22,1
Tidiam Gomis,RB Leipzig,19,1
Rafael GonÃ§alves,Strasbourg,20,0
NicolÃ¡s GonzÃ¡lez,Manchester City,24,1
NicolÃ¡s GonzÃ¡lez,Juventus,27,0
NicolÃ¡s GonzÃ¡lez,AtlÃ©tico Madrid,27,1
Urko GonzÃ¡lez,Espanyol,24,0
Urko GonzÃ¡lez,Real Sociedad,24,0
Anthony Gordon,Newcastle Utd,24,2
Leon Goretzka,Bayern Munich,30,0
Andoni Gorosabel,Athletic Club,29,0
Jon Gorrotxategi,Real Sociedad,23,1
Olaf Gorter,Lecce,20,0
Alimami Gory,Paris FC,29,1
Robin Gosens,Fiorentina,31,1
Mikel Goti,Real Sociedad,23,0
Mario GÃ¶tze,Eint Frankfurt,33,0
Amine Gouiri,Marseille,25,1
Tiago Gouveia,Nice,24,0
Jeffrey Gouweleeuw,Augsburg,34,0
Kamil Grabara,Wolfsburg,26,0
Jonathan Gradit,Lens,33,0
Alberto Grassi,Cremonese,30,0
Ryan Gravenberch,Liverpool,23,4
Archie Gray,Tottenham,19,1
Jack Grealish,Everton,30,2
Mason Greenwood,Marseille,24,11
Dominik Greif,Lyon,28,0
Antoine Griezmann,AtlÃ©tico Madrid,34,6
Vincenzo Grifo,Freiburg,32,5
Ãlex Grimaldo,Leverkusen,30,4
Pascal GroÃ,Brighton,34,0
Pascal GroÃ,Dortmund,34,0
Brajan Gruda,Brighton,21,1
Ilia Gruev,Leeds United,25,0
Marco GrÃ¼ll,Werder Bremen,27,2
Albert GrÃ¸nbaek,Genoa,24,0
Nemanja Gudelj,Sevilla,34,1
Gabriel Gudmundsson,Leeds United,26,0
GonÃ§alo Guedes,Real Sociedad,29,4
Marc GuÃ©hi,Crystal Palace,25,2
MattÃ©o Guendouzi,Lazio,26,2
Javier Guerra,Valencia,23,0
RaphaÃ«l Guerreiro,Bayern Munich,32,2
Daniel Guerrero,Betis,20,0
IsmaÃ«l Guerti,Metz,21,0
Evann Guessand,Aston Villa,24,0
Ander Guevara,AlavÃ©s,28,1
Idrissa GuÃ¨ye,Udinese,19,0
Idrissa GuÃ¨ye,Metz,19,0
Pape Gueye,Villarreal,26,2
Morgan Guilavogui,Lens,27,1
Luis Guilherme,West Ham,19,0
Bruno GuimarÃ£es,Newcastle Utd,28,7
Daouda Guindo,Brest,23,0
Bahereba Guirassy,Nantes,19,2
Serhou Guirassy,Dortmund,29,5
Marc Guiu,Sunderland,20,0
Marc Guiu,Chelsea,20,0
PÃ©ter GulÃ¡csi,RB Leipzig,35,0
Arda GÃ¼ler,Real Madrid,20,3
Gerard Gumbau,Rayo Vallecano,31,0
Christian GÃ¼nter,Freiburg,32,0
Jon Guridi,AlavÃ©s,30,0
Gorka Guruzeta,Athletic Club,29,2
Malo Gusto,Chelsea,22,2
Miguel GutiÃ©rrez,Napoli,24,0
Albert GuÃ°mundsson,Fiorentina,28,3
JoÅ¡ko Gvardiol,Manchester City,23,2
Viktor GyÃ¶keres,Arsenal,27,5
Erling Haaland,Manchester City,25,19
Janik Haberer,Union Berlin,31,0
Robin Hack,Gladbach,27,0
Albian Hajdari,Hoffenheim,22,1
Achraf Hakimi,Paris S-G,27,2
Lewis Hall,Newcastle Utd,21,0
Adil Hamdani,Lyon,16,0
Pierre-Yves Hamel,Paris FC,31,0
Andreas Hanche-Olsen,Mainz 05,28,0
DÃ¡vid Hancko,AtlÃ©tico Madrid,28,0
Florent Hanin,Angers,35,0
Isak Hansen-AarÃ¸en,Werder Bremen,21,0
Conrad Harder,RB Leipzig,20,1
Jack Harrison,Leeds United,29,0
Abdou Harroui,Hellas Verona,27,0
Quilindschy Hartman,Burnley,24,0
Haissem Hassan,Oviedo,23,0
Hans Hateboer,Rennes,31,0
Hans Hateboer,Lyon,31,0
Jorrel Hato,Chelsea,19,0
Kai Havertz,Arsenal,26,0
Ayden Heaven,Manchester Utd,19,0
Jan Paul van Hecke,Brighton,25,3
Hwang Hee-chan,Wolves,29,2
TorbjÃ¸rn Heggem,Bologna,26,0
Gauthier Hein,Metz,29,5
Dominique Heintz,KÃ¶ln,32,0
George Hemmings,Aston Villa,18,0
Dean Henderson,Crystal Palace,28,0
Jordan Henderson,Brentford,35,1
Ramon Hendriks,Stuttgart,24,0
Luis Henrique,Inter,24,0
Rico Henry,Brentford,28,0
Pharell Hensel,Wolfsburg,18,0
Mads Hermansen,West Ham,25,0
Mario Hermoso,Roma,30,1
Lucas HernÃ¡ndez,Paris S-G,29,0
Jorge Herrando,Osasuna,24,0
Sergio Herrera,Osasuna,32,0
Yangel Herrera,Girona,27,0
Yangel Herrera,Real Sociedad,27,0
Charles Herrmann,Gladbach,19,0
Aaron Hickey,Brentford,23,0
Santiago Hidalgo,Toulouse,20,2
Isak Hien,Atalanta,26,1
Omar El Hilali,Espanyol,22,0
James Hill,Bournemouth,23,0
Piero HincapiÃ©,Arsenal,23,0
Piero HincapiÃ©,Leverkusen,23,0
Jack Hinshelwood,Brighton,20,1
Adam HloÅ¾ek,Hoffenheim,23,0
Ki-Jana Hoever,Wolves,23,0
Nicolas HÃ¶fler,Freiburg,35,0
Jonas Hofmann,Leverkusen,33,2
Malthe Hojholt,Pisa,24,0
Lucas HÃ¶ler,Freiburg,31,1
Benedict Hollerbach,Mainz 05,24,0
Emil Holm,Bologna,25,1
Franck Honorat,Gladbach,29,0
Mathias Honsak,Heidenheim,29,0
Ali Houary,Elche,20,0
Andreas Hountondji,St. Pauli,23,4
LukÃ¡Å¡ HrÃ¡deckÃ½,Monaco,36,0
Robin HranÃ¡Ä,Hoffenheim,25,0
Timo HÃ¼bers,KÃ¶ln,29,0
Callum Hudson-Odoi,Nott'ham Forest,25,3
Will Hughes,Crystal Palace,30,0
Dean Huijsen,Real Madrid,20,1
Trai Hume,Sunderland,23,0
Bashir Humphreys,Burnley,22,0
Denis Huseinbasic,KÃ¶ln,24,0
Omari Hutchinson,Nott'ham Forest,22,1
Kwon Hyeokkyu,Nantes,24,0
Elseid Hysaj,Lazio,31,0
Hong Hyunseok,Nantes,26,0
Lucas HÃ¸gsberg,Strasbourg,19,0
Pierre HÃ¸jbjerg,Marseille,30,2
Oscar HÃ¸jlund,Eint Frankfurt,21,0
Rasmus HÃ¸jlund,Napoli,22,6
Edoardo Iannoni,Sassuolo,24,1
Pablo IbÃ¡Ã±ez,AlavÃ©s,27,1
Arijon IbrahimoviÄ,Heidenheim,20,0
Riyad Idrissi,Cagliari,20,1
Stanis Idumbo,Sevilla,20,0
Stanis Idumbo,Monaco,20,0
Jay Idzes,Sassuolo,25,0
Hamza Igamane,Lille,23,5
Iglesias,Getafe,27,1
Borja Iglesias,Celta Vigo,32,7
Igor,West Ham,27,0
Jonathan Ikone,Paris FC,27,0
George Ilenikhena,Monaco,19,2
Andrej Ilic,Union Berlin,2,0
