Player,Nation,Pos,Squad,Age,Gls
Brenden Aaronson,usÂ USA,"FW,MF",Leeds United,25-075,2.0
Zach Abbott,engÂ ENG,DF,Nott'ham Forest,19-237,0.0
Jones El-Abdellaoui,maÂ MAR,"FW,MF",Celta Vigo,19-358,2.0
Himad Abdelli,dzÂ ALG,MF,Angers,26-049,2.0
Ali Abdi,tnÂ TUN,"DF,MF",Nice,32-016,0.0
Salis Abdul Samed,ghÂ GHA,MF,Nice,25-285,0.0
Saud Abdulhamid,saÂ KSA,DF,Lens,26-171,0.0
Laurent Abergel,frÂ FRA,MF,Lorient,32-338,1.0
Matthis Abline,frÂ FRA,"FW,MF",Nantes,22-283,2.0
Abner,brÂ BRA,DF,Lyon,25-223,2.0
Zakaria Aboukhlal,maÂ MAR,"FW,MF",Torino,25-321,0.0
Abdel Abqar,maÂ MAR,DF,Getafe,26-301,0.0
Francis Abu,ghÂ GHA,MF,Toulouse,24-253,0.0
Giorgi Abuashvili,geÂ GEO,"FW,MF",Metz,22-331,1.0
Francesco Acerbi,itÂ ITA,DF,Inter,37-329,0.0
Ragnar Ache,deÂ GER,FW,KÃ¶ln,27-161,1.0
Joshua Acheampong,engÂ ENG,DF,Chelsea,19-245,1.0
Akor Adams,ngÂ NGA,FW,Sevilla,25-341,3.0
Che Adams,sctÂ SCO,"FW,MF",Torino,29-176,3.0
Tyler Adams,usÂ USA,MF,Bournemouth,26-325,2.0
Junior Adamu,atÂ AUT,FW,Freiburg,24-213,1.0
Tosin Adarabioyo,engÂ ENG,DF,Chelsea,28-103,0.0
Jayden Addai,nlÂ NED,FW,Como,20-132,3.0
Karim Adeyemi,deÂ GER,"MF,FW",Dortmund,23-352,4.0
Simon Adingra,ciÂ CIV,"FW,MF",Sunderland,24-004,1.0
Nathaniel Adjei,ghÂ GHA,DF,Lorient,23-137,0.0
Amine Adli,maÂ MAR,"FW,MF",Bournemouth,25-240,1.0
Vasilije AdÅ¾iÄ,meÂ MNE,MF,Juventus,19-238,1.0
Michel Aebischer,chÂ SUI,MF,Pisa,28-364,0.0
David Affengruber,atÂ AUT,DF,Elche,24-292,0.0
Oladapo Afolayan,engÂ ENG,"MF,FW",St. Pauli,27-327,0.0
Emmanuel Agbadou,ciÂ CIV,DF,Wolves,28-202,0.0
Julen Agirrezabala,esÂ ESP,GK,Valencia,25-010,0.0
Lucien Agoume,frÂ FRA,MF,Sevilla,23-330,1.0
Felix Agu,ngÂ NGA,DF,Werder Bremen,26-100,0.0
Marc Aguado,esÂ ESP,MF,Elche,25-317,0.0
Pablo AgudÃ­n,esÂ ESP,"MF,FW",Oviedo,18-058,0.0
Nayef Aguerd,maÂ MAR,DF,West Ham,29-281,0.0
Nayef Aguerd,maÂ MAR,DF,Marseille,29-281,1.0
Ruben Aguilar,frÂ FRA,DF,Lens,32-254,0.0
Honest Ahanor,itÂ ITA,DF,Atalanta,17-316,0.0
Lucas Ahijado,esÂ ESP,DF,Oviedo,30-340,0.0
Joseph Aidoo,ghÂ GHA,DF,Celta Vigo,30-098,0.0
Ola Aina,ngÂ NGA,DF,Nott'ham Forest,29-089,0.0
Abdelhamid Ait Boudlal,maÂ MAR,DF,Rennes,19-264,2.0
Rayan AÃ¯t-Nouri,dzÂ ALG,DF,Manchester City,24-213,0.0
Tosin Aiyegun,bjÂ BEN,"MF,FW",Lorient,27-193,3.0
Junior Ajayi,ciÂ CIV,FW,Hellas Verona,21-086,0.0
Kristoffer Ajer,noÂ NOR,DF,Brentford,27-263,0.0
Ludovic Ajorque,frÂ FRA,FW,Brest,31-314,2.0
Manuel Akanji,chÂ SUI,DF,Inter,30-170,0.0
Nathan AkÃ©,nlÂ NED,DF,Manchester City,30-321,0.0
Ilias Akhomach,maÂ MAR,"MF,FW",Villarreal,21-264,0.0
Ebenezer Akinsanmiro,ngÂ NGA,MF,Pisa,21-041,0.0
Maghnes Akliouche,frÂ FRA,"MF,FW",Monaco,23-314,3.0
ClÃ©ment Akpa,ciÂ CIV,DF,Auxerre,24-042,0.0
Jean-Daniel Akpa-Akpro,ciÂ CIV,MF,Hellas Verona,33-086,0.0
Kevin Akpoguma,ngÂ NGA,DF,Hoffenheim,30-261,0.0
David Alaba,atÂ AUT,DF,Real Madrid,33-195,0.0
RaÃºl Albiol,esÂ ESP,DF,Pisa,40-123,0.0
Carlos Alcaraz,arÂ ARG,"MF,FW",Everton,23-036,0.0
Omar Alderete,pyÂ PAR,DF,Sunderland,29-010,1.0
Alexandre AlemÃ£o,brÂ BRA,FW,Rayo Vallecano,27-279,1.0
Carles AleÃ±Ã¡,esÂ ESP,"MF,FW",AlavÃ©s,28-000,0.0
Trent Alexander-Arnold,engÂ ENG,DF,Real Madrid,27-090,0.0
Alfon,esÂ ESP,"FW,DF",Sevilla,26-246,1.0
Mohamed Ali Cho,frÂ FRA,"FW,MF",Nice,21-351,2.0
Alisson,brÂ BRA,GK,Liverpool,33-095,0.0
Jim Allevinah,gaÂ GAB,"FW,DF",Angers,30-312,0.0
Thiago Almada,arÂ ARG,"MF,FW",AtlÃ©tico Madrid,24-254,2.0
Domingos AndrÃ© Ribeiro Almeida,ptÂ POR,"MF,FW",Valencia,25-220,0.0
Pontus Almqvist,seÂ SWE,"DF,MF",Parma,26-179,0.0
Marcos Alonso,esÂ ESP,DF,Celta Vigo,35-008,0.0
AdriÃ  Altimira,esÂ ESP,DF,Villarreal,24-283,0.0
Sergi Altimira,esÂ ESP,MF,Betis,24-133,1.0
Carlos Ãlvarez,esÂ ESP,MF,Levante,22-152,3.0
Hugo Ãlvarez,esÂ ESP,"FW,MF",Celta Vigo,22-187,2.0
JuliÃ¡n Ãlvarez,arÂ ARG,FW,AtlÃ©tico Madrid,25-339,7.0
Skelly Alvero,frÂ FRA,DF,Werder Bremen,23-246,0.0
Jaydon Amauri Banel,nlÂ NED,MF,Burnley,21-078,0.0
Giuseppe Ambrosino,itÂ ITA,FW,Napoli,22-117,0.0
Aurele Amenda,chÂ SUI,DF,Eint Frankfurt,22-158,0.0
Kelvin Amian,frÂ FRA,DF,Nantes,27-331,0.0
Mohamed Amine Sbai,frÂ FRA,FW,Angers,25-061,0.0
Michael Amir Murillo,paÂ PAN,DF,Marseille,29-328,2.0
Nadiem Amiri,deÂ GER,MF,Mainz 05,29-070,3.0
Samuel Amo-Ameyaw,engÂ ENG,"DF,FW",Strasbourg,19-171,1.0
Mathis Amougou,frÂ FRA,MF,Strasbourg,19-352,0.0
Mohamed Amoura,dzÂ ALG,FW,Wolfsburg,25-241,6.0
Ethan Ampadu,wlsÂ WAL,MF,Leeds United,25-113,1.0
Sofyan Amrabat,maÂ MAR,MF,Betis,29-137,0.0
Joachim Andersen,dkÂ DEN,DF,Fulham,29-219,0.0
Elliot Anderson,engÂ ENG,MF,Nott'ham Forest,23-060,1.0
AndrÃ©,brÂ BRA,MF,Wolves,24-173,0.0
Benjamin AndrÃ©,frÂ FRA,MF,Lille,35-155,2.0
Robert Andrich,deÂ GER,"DF,MF",Leverkusen,31-105,1.0
Miguel Ãngel Rubio,esÂ ESP,DF,Espanyol,27-300,1.0
Miguel Ãngel Sierra,esÂ ESP,"FW,MF",Sevilla,21-175,0.0
AngeliÃ±o,esÂ ESP,"DF,MF",Roma,29-001,0.0
Samuele Angori,itÂ ITA,DF,Pisa,22-090,0.0
Faustino Anjorin,engÂ ENG,"MF,FW",Torino,24-043,0.0
Ilyas Ansah,deÂ GER,"MF,FW",Union Berlin,21-058,5.0
Aaron Anselmino,arÂ ARG,DF,Dortmund,20-251,1.0
Jaidon Anthony,engÂ ENG,"MF,FW",Burnley,26-035,4.0
Waldemar Anton,deÂ GER,DF,Dortmund,29-169,1.0
Antoniu,esÂ ESP,"FW,MF",Espanyol,23-122,0.0
Antony,brÂ BRA,FW,Betis,25-315,5.0
Youssef El-Arabi,maÂ MAR,FW,Nantes,38-336,3.0
Mauro Arambarri,uyÂ URU,MF,Getafe,30-097,3.0
Jon Aramburu,veÂ VEN,DF,Real Sociedad,23-166,0.0
Juan Arango,veÂ VEN,FW,Girona,19-218,0.0
Ronald AraÃºjo,uyÂ URU,DF,Barcelona,26-304,2.0
Carlens Arcus,htÂ HAI,DF,Angers,29-191,0.0
Alphonse Areola,frÂ FRA,GK,West Ham,32-312,0.0
JesÃºs Areso,esÂ ESP,DF,Athletic Club,26-187,0.0
Paul Argney,frÂ FRA,GK,Le Havre,19-227,0.0
IÃ±igo Arguibide,esÂ ESP,DF,Osasuna,20-261,0.0
Jhon Arias,coÂ COL,"FW,MF",Wolves,28-106,1.0
Harrison Armstrong,engÂ ENG,"MF,FW",Everton,18-351,0.0
HÃ¡kon Arnar Haraldsson,isÂ ISL,"MF,FW",Lille,22-270,5.0
Maximilian Arnold,deÂ GER,MF,Wolfsburg,31-223,1.0
Tolu Arokodare,ngÂ NGA,FW,Wolves,25-043,1.0
Kervin Arriaga,hnÂ HON,MF,Levante,28-000,1.0
Arthur,brÂ BRA,DF,Leverkusen,22-294,0.0
Takuma Asano,jpÂ JPN,FW,Mallorca,31-056,1.0
RaÃºl Asencio,esÂ ESP,DF,Real Madrid,22-326,1.0
Fisnik Asllani,xkÂ KVX,"FW,MF",Hoffenheim,23-150,6.0
Kristjan Asllani,alÂ ALB,MF,Torino,23-302,0.0
Joel Asoro,seÂ SWE,FW,Metz,26-253,0.0
Iago Aspas,esÂ ESP,"FW,MF",Celta Vigo,38-157,2.0
Yaser Asprilla,coÂ COL,"FW,MF",Girona,22-047,0.0
Lorenz Assignon,tgÂ TOG,DF,Stuttgart,25-197,0.0
Dehmaine Assoumani,frÂ FRA,MF,Nantes,20-263,0.0
Lander Astiazaran,esÂ ESP,MF,Real Sociedad,19-273,0.0
Otavio Ataide,brÂ BRA,DF,Paris FC,23-259,0.0
Zachary Athekame,chÂ SUI,"DF,FW",Milan,21-023,1.0
Arthur Atta,frÂ FRA,MF,Udinese,22-356,1.0
Noah Atubolu,deÂ GER,GK,Freiburg,23-225,0.0
Pierre-Emerick Aubameyang,gaÂ GAB,FW,Marseille,36-201,5.0
Emil Audero,idÂ IDN,GK,Cremonese,28-352,0.0
Carlos Augusto,brÂ BRA,DF,Inter,26-363,1.0
Yann Aurel Bisseck,deÂ GER,DF,Inter,25-037,1.0
Leon Avdullahu,xkÂ KVX,MF,Hoffenheim,21-316,0.0
Ezequiel Ãvila,arÂ ARG,"FW,MF",Betis,31-333,0.0
Arthur Avom,cmÂ CMR,MF,Lorient,21-021,0.0
Chidozie Awaziem,ngÂ NGA,DF,Nantes,29-004,1.0
Taiwo Awoniyi,ngÂ NGA,FW,Nott'ham Forest,28-146,0.0
Yasin Ayari,seÂ SWE,MF,Brighton,22-091,2.0
Neil El Aynaoui,maÂ MAR,MF,Roma,24-187,0.0
CÃ©sar Azpilicueta,esÂ ESP,DF,Sevilla,36-130,0.0
Oussama El Azzouzi,maÂ MAR,"MF,DF",Auxerre,24-221,1.0
Mio Backhaus,deÂ GER,GK,Werder Bremen,21-264,0.0
LoÃ¯c Bade,frÂ FRA,DF,Leverkusen,25-269,0.0
BenoÃ®t Badiashile,frÂ FRA,DF,Chelsea,24-285,0.0
Alex Baena,esÂ ESP,"MF,FW",AtlÃ©tico Madrid,24-169,2.0
Samson Baidoo,atÂ AUT,DF,Lens,21-280,2.0
Leon Bailey,jmÂ JAM,"MF,FW",Roma,28-149,0.0
Eric Bailly,ciÂ CIV,DF,Oviedo,31-268,0.0
Theo Bair,caÂ CAN,"MF,FW",Auxerre,26-131,0.0
CÃ©dric Bakambu,cdÂ COD,FW,Betis,34-269,1.0
Johan Bakayoko,beÂ BEL,FW,RB Leipzig,22-260,2.0
Darryl Bakola,frÂ FRA,MF,Marseille,18-036,0.0
Ridle Baku,deÂ GER,DF,RB Leipzig,27-272,0.0
Dilane Bakwa,frÂ FRA,FW,Nott'ham Forest,23-132,0.0
Dilane Bakwa,frÂ FRA,"DF,MF",Strasbourg,23-132,1.0
Tommaso Baldanzi,itÂ ITA,"FW,MF",Roma,22-288,1.0
Alejandro Balde,esÂ ESP,DF,Barcelona,22-079,0.0
Fabio BaldÃ©,ptÂ POR,"FW,MF",Hamburger SV,20-169,0.0
Carlos Baleba,cmÂ CMR,MF,Brighton,22-002,0.0
Leonardo Balerdi,arÂ ARG,DF,Marseille,26-344,0.0
Daniel Ballard,nirÂ NIR,DF,Sunderland,26-105,2.0
IvÃ¡n Balliu,alÂ ALB,DF,Rayo Vallecano,34-004,0.0
FodÃ© Ballo-TourÃ©,snÂ SEN,DF,Metz,29-002,0.0
Folarin Balogun,usÂ USA,FW,Monaco,24-186,4.0
Abdoulaye Bamba,ciÂ CIV,DF,Angers,35-255,0.0
Aladji Bamba,frÂ FRA,MF,Monaco,19-175,0.0
Mohamed Bamba,ciÂ CIV,FW,Lorient,24-026,1.0
Lameck Banda,zmÂ ZAM,"FW,MF",Lecce,24-341,2.0
Noahkai Banks,usÂ USA,DF,Augsburg,19-035,1.0
Ezechiel Banzuzi,nlÂ NED,MF,RB Leipzig,20-323,0.0
Tommaso Barbieri,itÂ ITA,"DF,FW",Cremonese,23-132,0.0
ValentÃ­n Barco,arÂ ARG,"MF,DF",Strasbourg,21-166,1.0
Bradley Barcola,frÂ FRA,FW,Paris S-G,23-125,5.0
Melvin Bard,frÂ FRA,"DF,MF",Nice,25-060,1.0
Roony Bardghji,seÂ SWE,FW,Barcelona,20-051,1.0
NicolÃ² Barella,itÂ ITA,MF,Inter,28-332,1.0
Kike Barja,esÂ ESP,"FW,MF",Osasuna,28-279,0.0
Ross Barkley,engÂ ENG,MF,Aston Villa,32-031,1.0
Ashley Barnes,engÂ ENG,FW,Burnley,36-067,0.0
Harvey Barnes,engÂ ENG,FW,Newcastle Utd,28-027,3.0
Ander Barrenetxea,esÂ ESP,"MF,FW",Real Sociedad,24-009,3.0
Pablo Barrios,esÂ ESP,MF,AtlÃ©tico Madrid,22-204,1.0
Thierno Barry,frÂ FRA,FW,Everton,23-076,3.0
Davide Bartesaghi,itÂ ITA,DF,Milan,20-007,2.0
Marc Bartra,esÂ ESP,DF,Betis,34-355,1.0
Federico Baschirotto,itÂ ITA,DF,Cremonese,29-107,2.0
Toma BaÅ¡iÄ,hrÂ CRO,MF,Lazio,29-041,1.0
Calvin Bassey,ngÂ NGA,DF,Fulham,26-005,1.0
Alessandro Bastoni,itÂ ITA,DF,Inter,26-267,1.0
Augusto Batalla,arÂ ARG,GK,Rayo Vallecano,29-250,0.0
Michy Batshuayi,beÂ BEL,FW,Eint Frankfurt,32-095,1.0
Martin Baturina,hrÂ CRO,"FW,MF",Como,22-323,1.0
Daniel Batz,deÂ GER,GK,Mainz 05,34-358,0.0
Elias Baum,deÂ GER,DF,Eint Frankfurt,20-071,0.0
Oliver Baumann,deÂ GER,GK,Hoffenheim,35-217,0.0
Christoph Baumgartner,atÂ AUT,MF,RB Leipzig,26-157,6.0
Altay BayÄ±ndÄ±r,trÂ TUR,GK,Manchester Utd,27-266,0.0
Vakoun Bayo,ciÂ CIV,FW,Udinese,28-360,0.0
Ihlas Bebou,tgÂ TOG,FW,Hoffenheim,31-257,0.0
Samu Becerra,esÂ ESP,"DF,MF",Rayo Vallecano,20-004,0.0
Adrian Beck,deÂ GER,"MF,FW",Heidenheim,28-210,0.0
Sheraldo Becker,srÂ SUR,"MF,FW",Osasuna,30-330,0.0
Donny van de Beek,nlÂ NED,MF,Girona,28-262,0.0
TjaÅ¡ BegiÄ,siÂ SVN,DF,Parma,22-189,0.0
Maximilian Beier,deÂ GER,"MF,FW",Dortmund,23-080,4.0
Ismael Bekhoucha,maÂ MAR,DF,Getafe,21-046,0.0
Reda Belahyane,maÂ MAR,MF,Lazio,21-218,0.0
Rafik Belghali,dzÂ ALG,"DF,FW",Hellas Verona,23-212,2.0
Haris Belkebla,dzÂ ALG,MF,Angers,31-342,0.0
Yassin Belkhdim,frÂ FRA,"FW,MF",Angers,23-325,2.0
Stefan Bell,deÂ GER,DF,Mainz 05,34-134,0.0
Armel Bella Kotchap,deÂ GER,DF,Hellas Verona,24-025,0.0
Raoul Bellanova,itÂ ITA,DF,Atalanta,25-233,0.0
Jean-Ricner Bellegarde,htÂ HAI,"MF,FW",Wolves,27-192,1.0
HÃ©ctor BellerÃ­n,esÂ ESP,DF,Betis,30-292,0.0
Jobe Bellingham,engÂ ENG,MF,Dortmund,20-104,0.0
Jude Bellingham,engÂ ENG,MF,Real Madrid,22-190,4.0
JeanuÃ«l Belocian,frÂ FRA,DF,Leverkusen,20-322,0.0
Andrea Belotti,itÂ ITA,FW,Cagliari,32-016,2.0
Fran BeltrÃ¡n,esÂ ESP,MF,Celta Vigo,26-336,0.0
Lucas BeltrÃ¡n,arÂ ARG,FW,Valencia,24-282,1.0
Eliesse Ben Seghir,maÂ MAR,"MF,FW",Monaco,20-323,0.0
Eliesse Ben Seghir,maÂ MAR,MF,Leverkusen,20-323,0.0
Carlos BenavÃ­dez,uyÂ URU,"MF,DF",AlavÃ©s,27-281,0.0
Adrian Benedyczak,plÂ POL,"FW,MF",Parma,25-042,1.0
Yassine Benhattab,frÂ FRA,"MF,FW",Nantes,23-048,0.0
Iker Benito,esÂ ESP,"DF,FW",Osasuna,23-148,1.0
Mohamed Benoit Dao,frÂ FRA,MF,Paris FC,18-337,0.0
Ramy Bensebaini,dzÂ ALG,DF,Dortmund,30-264,1.0
Nabil Bentaleb,dzÂ ALG,"MF,DF",Lille,31-042,2.0
Rodrigo Bentancur,uyÂ URU,MF,Tottenham,28-194,1.0
Lucas Beraldo,brÂ BRA,DF,Paris S-G,22-042,1.0
Domenico Berardi,itÂ ITA,FW,Sassuolo,31-157,4.0
Yuri Berchiche,esÂ ESP,DF,Athletic Club,35-329,0.0
Ãlex Berenguer,esÂ ESP,"FW,MF",Athletic Club,30-185,2.0
Sander Berge,noÂ NOR,MF,Fulham,27-325,0.0
Lucas BergstrÃ¶m,fiÂ FIN,GK,Mallorca,23-122,0.0
Lucas Bergvall,seÂ SWE,MF,Tottenham,19-337,1.0
Medon Berisha,alÂ ALB,MF,Lecce,22-076,2.0
Anthony Bermont,frÂ FRA,"DF,MF",Lens,20-329,0.0
Adrian Bernabe,esÂ ESP,MF,Parma,24-224,2.0
Marc Bernal,esÂ ESP,MF,Barcelona,18-224,0.0
Federico Bernardeschi,itÂ ITA,"FW,MF",Bologna,31-323,1.0
Bernardo,brÂ BRA,DF,Hoffenheim,30-236,0.0
Lorenzo Bernasconi,itÂ ITA,DF,Atalanta,22-050,0.0
Antoine Bernede,frÂ FRA,MF,Hellas Verona,26-224,1.0
NicolÃ² Bertola,itÂ ITA,DF,Udinese,22-288,0.0
Jan-Niklas Beste,deÂ GER,"FW,MF",Freiburg,27-001,0.0
Beto,gwÂ GNB,FW,Everton,27-339,2.0
Sam Beukema,nlÂ NED,DF,Napoli,27-049,1.0
Matteo Bianchetti,itÂ ITA,DF,Cremonese,32-294,0.0
Mika Biereth,dkÂ DEN,"FW,MF",Monaco,22-331,2.0
Pedro Bigas,esÂ ESP,DF,Elche,35-112,0.0
Jaka Bijol,siÂ SVN,DF,Leeds United,26-334,1.0
Cristiano Biraghi,itÂ ITA,"DF,MF",Torino,33-126,0.0
Tom Bischof,deÂ GER,"DF,MF",Bayern Munich,20-191,0.0
Leonardo Bittencourt,deÂ GER,MF,Werder Bremen,32-017,0.0
Emmanuel Biumla,frÂ FRA,DF,Angers,20-242,0.0
Marco Bizot,nlÂ NED,GK,Aston Villa,34-301,0.0
Antonio Blanco,esÂ ESP,MF,AlavÃ©s,25-166,0.0
Ludovic Blas,frÂ FRA,"MF,DF",Rennes,28-005,3.0
Daley Blind,nlÂ NED,DF,Girona,35-302,0.0
Adam Boayar,maÂ MAR,"FW,MF",Elche,20-084,0.0
Oscar Bobb,noÂ NOR,"MF,FW",Manchester City,22-177,0.0
Ben Bobzien,deÂ GER,FW,Mainz 05,22-251,0.0
Arnaud Bodart,beÂ BEL,GK,Lille,27-300,0.0
Sacha Boey,frÂ FRA,DF,Bayern Munich,25-114,0.0
Jeremie Boga,ciÂ CIV,"FW,MF",Nice,29-002,2.0
Lamare Bogarde,nlÂ NED,"MF,DF",Aston Villa,22-000,0.0
Jayden Bogle,engÂ ENG,DF,Leeds United,25-162,0.0
Adama Boiro,esÂ ESP,DF,Athletic Club,23-197,0.0
Morgan BokelÃ© Mputu,cmÂ CMR,"FW,DF",Metz,21-298,0.0
Daniel Boloca,roÂ ROU,MF,Sassuolo,27-014,0.0
MoÃ¯se Bombito,caÂ CAN,DF,Nice,25-281,0.0
Federico Bonazzoli,itÂ ITA,FW,Cremonese,28-229,5.0
Warren Bondo,frÂ FRA,MF,Cremonese,22-112,0.0
Giovanni Bonfanti,itÂ ITA,DF,Pisa,22-353,0.0
Victor Boniface,ngÂ NGA,"FW,MF",Werder Bremen,25-013,0.0
Rahim Bonkano,neÂ NIG,DF,Oviedo,24-004,0.0
Ange-Yoan Bonny,frÂ FRA,FW,Inter,22-072,4.0
Sebastiaan Bornauw,beÂ BEL,DF,Leeds United,26-289,0.0
Gennaro Borrelli,itÂ ITA,FW,Cagliari,25-301,3.0
Olivier Boscagli,frÂ FRA,DF,Brighton,28-048,0.0
Sven Botman,nlÂ NED,DF,Newcastle Utd,25-358,0.0
Ayyoub Bouaddi,frÂ FRA,MF,Lille,18-095,0.0
Badredine Bouanani,dzÂ ALG,MF,Nice,21-028,0.0
Badredine Bouanani,dzÂ ALG,"FW,MF",Stuttgart,21-028,0.0
Hicham Boudaoui,dzÂ ALG,MF,Nice,26-104,1.0
Justin Bourgault,frÂ FRA,"MF,DF",Brest,20-113,0.0
Jarrod Bowen,engÂ ENG,"FW,MF",West Ham,29-016,6.0
Lucas BoyÃ©,arÂ ARG,"FW,MF",AlavÃ©s,29-311,4.0
Enzo Boyomo,cmÂ CMR,DF,Osasuna,24-090,1.0
Domagoj BradariÄ,hrÂ CRO,"DF,FW",Hellas Verona,26-026,0.0
Conor Bradley,nirÂ NIR,DF,Liverpool,22-180,0.0
Bilal Brahimi,dzÂ ALG,FW,Nice,25-297,0.0
Julian Brandt,deÂ GER,"MF,FW",Dortmund,29-248,4.0
Lilian Brassier,frÂ FRA,DF,Rennes,26-064,0.0
Iker Bravo,esÂ ESP,"FW,MF",Udinese,20-357,1.0
Josip Brekalo,hrÂ CRO,FW,Oviedo,27-196,0.0
Gleison Bremer,brÂ BRA,DF,Juventus,28-293,0.0
Marco Brescianini,itÂ ITA,MF,Atalanta,25-350,1.0
Abel Bretones,esÂ ESP,"DF,MF",Osasuna,25-137,1.0
Sascha Britschgi,chÂ SUI,DF,Parma,19-131,0.0
Brian Brobbey,nlÂ NED,FW,Sunderland,23-338,3.0
Marius Broholm,noÂ NOR,"FW,MF",Lille,21-010,1.0
Armando Broja,alÂ ALB,FW,Burnley,24-117,1.0
David Brooks,wlsÂ WAL,"FW,MF",Bournemouth,28-181,1.0
Nathaniel Brown,deÂ GER,"DF,FW",Eint Frankfurt,22-203,1.0
Brugui,esÂ ESP,"MF,FW",Levante,29-062,0.0
Paris Brunner,deÂ GER,"FW,MF",Monaco,19-324,0.0
Jacob Bruun Larsen,dkÂ DEN,"FW,MF",Burnley,27-108,0.0
Tajon Buchanan,caÂ CAN,"MF,DF",Villarreal,26-331,5.0
Ante Budimir,hrÂ CRO,FW,Osasuna,34-167,6.0
Emi BuendÃ­a,arÂ ARG,"FW,MF",Aston Villa,29-011,4.0
Hugo Bueno,esÂ ESP,"DF,MF",Wolves,23-109,0.0
Manu Bueno,esÂ ESP,MF,Sevilla,21-162,0.0
Santiago Bueno,uyÂ URU,DF,Wolves,27-057,2.0
Louis Buffon,czÂ CZE,"FW,MF",Pisa,18-008,0.0
Adam Buksa,plÂ POL,FW,Udinese,29-177,1.0
Andrija BulatoviÄ,meÂ MNE,MF,Lens,19-009,0.0
Marius BÃ¼lter,deÂ GER,FW,KÃ¶ln,32-282,3.0
Facundo Buonanotte,arÂ ARG,MF,Chelsea,21-013,0.0
Alessandro Buongiorno,itÂ ITA,DF,Napoli,26-213,0.0
Livan Burcu,trÂ TUR,"MF,DF",Union Berlin,21-099,0.0
Jan BÃ¼rger,deÂ GER,DF,Wolfsburg,18-301,0.0
Wouter Burger,nlÂ NED,MF,Hoffenheim,24-323,3.0
Jonathan Burkardt,deÂ GER,FW,Eint Frankfurt,25-178,8.0
Oliver Burke,sctÂ SCO,"MF,FW",Union Berlin,28-273,4.0
Vincent Burlet,beÂ BEL,DF,Lille,20-104,0.0
Dan Burn,engÂ ENG,DF,Newcastle Utd,33-241,0.0
Bradley Burrowes,engÂ ENG,DF,Aston Villa,17-307,0.0
Marnon Busch,deÂ GER,"DF,MF",Heidenheim,31-028,0.0
AurÃ©lio Buta,ptÂ POR,DF,Eint Frankfurt,28-329,0.0
Jean Butez,frÂ FRA,GK,Como,30-211,0.0
Sam Byram,engÂ ENG,DF,Leeds United,32-111,0.0
William BÃ¸ving,dkÂ DEN,MF,Mainz 05,22-310,0.0
RÃ©my Cabella,frÂ FRA,MF,Nantes,35-303,1.0
Jorge Cabello,esÂ ESP,DF,Levante,21-255,0.0
Pape Cabral,frÂ FRA,MF,Monaco,18-350,0.0
Leandro Cabrera,uyÂ URU,DF,Espanyol,34-202,2.0
Anthony Caci,frÂ FRA,"DF,MF",Mainz 05,28-188,0.0
Noah Cadiou,gpÂ GLP,MF,Lorient,27-071,0.0
Mathieu Cafaro,frÂ FRA,"FW,MF",Paris FC,28-286,0.0
MoisÃ©s Caicedo,ecÂ ECU,MF,Chelsea,24-064,3.0
Tom Cairney,sctÂ SCO,MF,Fulham,34-350,1.0
Arturo Calabresi,itÂ ITA,DF,Pisa,29-294,0.0
Riccardo Calafiori,itÂ ITA,DF,Arsenal,23-231,1.0
Calebe,brÂ BRA,"MF,DF",AlavÃ©s,25-250,0.0
Fernando Calero,esÂ ESP,DF,Espanyol,30-113,0.0
Duje Äaleta-Car,hrÂ CRO,DF,Real Sociedad,29-110,0.0
Hakan ÃalhanoÄlu,trÂ TUR,MF,Inter,31-331,6.0
Dominic Calvert-Lewin,engÂ ENG,FW,Leeds United,28-295,8.0
Dani Calvo,esÂ ESP,DF,Oviedo,31-279,0.0
Adama Camara,mlÂ MLI,FW,Paris FC,33-089,0.0
Adama Camara,frÂ FRA,MF,Paris FC,29-079,1.0
Amady Camara,mlÂ MLI,"MF,FW",Nantes,20-222,0.0
Dawda Camara,mrÂ MTN,FW,Girona,23-062,0.0
Lamine Camara,snÂ SEN,MF,Monaco,22-004,0.0
Mahdi Camara,frÂ FRA,MF,Rennes,27-189,1.0
Ousmane Camara,mlÂ MLI,DF,Angers,22-305,1.0
Francesco Camarda,itÂ ITA,FW,Lecce,17-301,1.0
Eduardo Camavinga,frÂ FRA,MF,Real Madrid,23-056,1.0
NicolÃ² Cambiaghi,itÂ ITA,FW,Bologna,25-008,2.0
Andrea Cambiaso,itÂ ITA,DF,Juventus,25-319,1.0
Axel Camblan,frÂ FRA,"FW,MF",Brest,22-128,0.0
Sergio Camello,esÂ ESP,"FW,MF",Rayo Vallecano,24-329,0.0
Cole Campbell,usÂ USA,FW,Dortmund,19-319,0.0
Emre Can,deÂ GER,DF,Dortmund,31-358,1.0
Matteo Cancellieri,itÂ ITA,FW,Lazio,23-327,3.0
Fali CandÃ©,gwÂ GNB,DF,Sassuolo,27-346,0.0
Simone Canestrelli,itÂ ITA,DF,Pisa,25-116,0.0
Jaydee Canvot,frÂ FRA,DF,Crystal Palace,19-160,0.0
Jaydee Canvot,frÂ FRA,"MF,DF",Toulouse,19-160,0.0
NicolÃ¡s Capaldo,arÂ ARG,"DF,MF",Hamburger SV,28-113,0.0
Pierrick Capelle,frÂ FRA,MF,Angers,38-265,0.0
Elia Caprile,itÂ ITA,GK,Cagliari,24-133,0.0
Maxence Caqueret,frÂ FRA,"MF,FW",Como,25-324,0.0
Antonio Caracciolo,itÂ ITA,DF,Pisa,35-189,0.0
Valentin Carboni,arÂ ARG,"MF,FW",Genoa,20-306,0.0
Sergi Cardona,esÂ ESP,DF,Villarreal,26-181,0.0
FÃ¡bio Cardoso,ptÂ POR,DF,Sevilla,31-261,0.0
Johnny Cardoso,usÂ USA,MF,AtlÃ©tico Madrid,24-107,0.0
Igor Carioca,brÂ BRA,DF,Lorient,29-137,1.0
Patrik Carlgren,seÂ SWE,GK,Nantes,33-362,0.0
Diego Carlos,brÂ BRA,DF,Como,32-296,0.0
Kevin Carlos,esÂ ESP,FW,Nice,24-270,0.0
David Carmo,aoÂ ANG,DF,Oviedo,26-170,1.0
Carmona,esÂ ESP,DF,Sevilla,23-341,1.0
Marco Carnesecchi,itÂ ITA,GK,Atalanta,25-188,0.0
Sergio Carreira,esÂ ESP,"MF,DF",Celta Vigo,25-084,1.0
Gorka Carrera,esÂ ESP,FW,Real Sociedad,20-235,0.0
Ãlvaro Carreras,esÂ ESP,DF,Real Madrid,22-288,1.0
Dani Carvajal,esÂ ESP,DF,Real Madrid,33-359,0.0
Fabio Carvalho,ptÂ POR,"FW,MF",Brentford,23-128,1.0
Cesare Casadei,itÂ ITA,MF,Torino,22-360,1.0
Marc Casado,esÂ ESP,MF,Barcelona,22-113,0.0
NicolÃ² Casale,itÂ ITA,DF,Bologna,27-325,0.0
Casemiro,brÂ BRA,MF,Manchester Utd,33-316,4.0
Matty Cash,plÂ POL,DF,Aston Villa,28-151,3.0
JosuÃ© Casimir,htÂ HAI,"MF,DF",Auxerre,24-103,0.0
Cristian CÃ¡sseres Jr.,veÂ VEN,MF,Toulouse,25-350,0.0
Timothy Castagne,beÂ BEL,"DF,FW",Fulham,30-031,0.0
ValentÃ­n Castellanos,arÂ ARG,FW,Lazio,27-094,2.0
Castrin,esÂ ESP,DF,Sevilla,23-004,0.0
Jonny Castro,esÂ ESP,DF,AlavÃ©s,31-308,0.0
Santiago Castro,arÂ ARG,FW,Bologna,21-098,5.0
Alessio Castro-Montes,beÂ BEL,"MF,DF",KÃ¶ln,28-233,0.0
Danilo Cataldi,itÂ ITA,MF,Lazio,31-152,1.0
Catena,esÂ ESP,DF,Osasuna,31-069,2.0
NicolÃ² Cavuoti,itÂ ITA,"MF,DF",Cagliari,22-276,0.0
Santi Cazorla,esÂ ESP,"MF,FW",Oviedo,41-023,0.0
Dani Ceballos,esÂ ESP,MF,Real Madrid,29-151,0.0
Federico Ceccherini,itÂ ITA,DF,Cremonese,33-239,0.0
Abdoulie Ceesay,gmÂ GAM,"FW,MF",St. Pauli,22-000,0.0
Zeki Ãelik,trÂ TUR,DF,Roma,28-322,1.0
Fabien Centonze,frÂ FRA,DF,Nantes,29-354,2.0
VÃ¡clav ÄernÃ½,czÂ CZE,FW,Wolfsburg,28-080,0.0
Julian Chabot,deÂ GER,DF,Stuttgart,27-327,0.0
El Chadaille Bitshiabu,frÂ FRA,DF,RB Leipzig,20-234,0.0
Fares ChaÃ¯bi,dzÂ ALG,MF,Eint Frankfurt,23-038,1.0
Ilyas Chaira,maÂ MAR,"FW,MF",Oviedo,24-337,0.0
Trevoh Chalobah,engÂ ENG,DF,Chelsea,26-184,3.0
Fallou Cham,gmÂ GAM,DF,Hellas Verona,19-325,0.0
Brendan Chardonnet,frÂ FRA,DF,Brest,31-014,0.0
Pep ChavarrÃ­a,esÂ ESP,DF,Rayo Vallecano,27-270,1.0
Arthur Chaves,brÂ BRA,DF,Hoffenheim,24-341,0.0
Walid Cheddira,maÂ MAR,FW,Sassuolo,27-348,1.0
Chema,esÂ ESP,MF,Stuttgart,20-255,1.0
Samir Chergui,dzÂ ALG,DF,Paris FC,26-333,1.0
Sidiki Cherif,frÂ FRA,FW,Angers,19-021,4.0
Rayan Cherki,frÂ FRA,"MF,FW",Manchester City,22-141,2.0
Lucas Chevalier,frÂ FRA,GK,Paris S-G,24-060,0.0
Fabio Chiarodia,itÂ ITA,DF,Gladbach,20-214,0.0
Federico Chiesa,itÂ ITA,"FW,MF",Liverpool,28-072,2.0
Ben Chilwell,engÂ ENG,DF,Strasbourg,29-015,0.0
Tawanda Chirewa,zwÂ ZIM,"MF,FW",Wolves,22-086,0.0
Joris Chotard,frÂ FRA,MF,Brest,24-103,2.0
Andreas Christensen,dkÂ DEN,DF,Barcelona,29-270,0.0
Ryan Christie,sctÂ SCO,MF,Bournemouth,30-317,1.0
Carney Chukwuemeka,engÂ ENG,"MF,FW",Dortmund,22-077,1.0
Samuel Chukwueze,ngÂ NGA,FW,Fulham,26-228,2.0
Samuel Chukwueze,ngÂ NGA,FW,Milan,26-228,0.0
VÃ­ctor Chust,esÂ ESP,DF,Elche,25-306,0.0
Alessandro Circati,auÂ AUS,DF,Parma,22-087,1.0
Dennis Cirkin,engÂ ENG,DF,Sunderland,23-274,0.0
PathÃ© Ciss,snÂ SEN,"MF,DF",Rayo Vallecano,31-295,0.0
Djaoui CissÃ©,frÂ FRA,MF,Rennes,21-339,0.0
Mamoudou Cissokho,frÂ FRA,FW,Auxerre,18-016,0.0
Alexis Claude-Maurice,frÂ FRA,"MF,FW",Augsburg,27-213,0.0
Jonathan Clauss,frÂ FRA,"DF,MF",Nice,33-102,1.0
Nathaniel Clyne,engÂ ENG,DF,Crystal Palace,34-275,0.0
SaÃºl Coco,gqÂ EQG,DF,Torino,26-330,1.0
SÃ©amus Coleman,ieÂ IRL,"DF,FW",Everton,37-086,0.0
Maxime Colin,frÂ FRA,DF,Metz,34-051,0.0
Nathan Collins,ieÂ IRL,DF,Brentford,24-250,1.0
Nnamdi Collins,deÂ GER,DF,Eint Frankfurt,21-360,0.0
Michele Collocolo,itÂ ITA,MF,Cremonese,26-058,0.0
Santiago Colombatto,arÂ ARG,MF,Oviedo,28-353,0.0
Lorenzo Colombo,itÂ ITA,FW,Genoa,23-303,3.0
Eray CÃ¶mert,chÂ SUI,DF,Valencia,27-335,0.0
Santi ComesaÃ±a,esÂ ESP,MF,Villarreal,29-092,2.0
Pietro Comuzzo,itÂ ITA,DF,Fiorentina,20-319,0.0
Francisco ConceiÃ§Ã£o,ptÂ POR,"MF,FW",Juventus,23-022,2.0
Sirlord Conteh,deÂ GER,"FW,MF",Heidenheim,29-180,1.0
Lewis Cook,engÂ ENG,"DF,MF",Bournemouth,28-336,0.0
Copete,esÂ ESP,DF,Valencia,26-087,0.0
Diego Coppola,itÂ ITA,DF,Brighton,22-008,0.0
Francis Coquelin,frÂ FRA,MF,Nantes,34-237,0.0
Derek Cornelius,caÂ CAN,DF,Marseille,28-041,0.0
Maxwel Cornet,ciÂ CIV,"FW,DF",Genoa,29-100,0.0
FÃ©lix Correia,ptÂ POR,"FW,MF",Lille,24-348,3.0
Thierry Correia,ptÂ POR,DF,Valencia,26-302,0.0
Edoardo Corvi,itÂ ITA,GK,Parma,24-288,0.0
Coba da Costa,esÂ ESP,"MF,FW",Getafe,23-163,0.0
Danny da Costa,deÂ GER,DF,Mainz 05,32-176,1.0
Samu Costa,ptÂ POR,MF,Mallorca,25-039,3.0
David Costas,esÂ ESP,DF,Oviedo,30-285,0.0
GrÃ©goire Coudert,frÂ FRA,GK,Brest,26-277,0.0
VladimÃ­r Coufal,czÂ CZE,DF,Hoffenheim,33-136,1.0
Abdoul Coulibaly,deÂ GER,DF,Werder Bremen,18-227,1.0
Lassana Coulibaly,mlÂ MLI,MF,Lecce,29-270,2.0
Lasso Coulibaly,ciÂ CIV,"MF,DF",Auxerre,23-078,0.0
Mamadou Coulibaly,frÂ FRA,MF,Monaco,21-259,2.0
SoumaÃ¯la Coulibaly,frÂ FRA,DF,Brest,22-083,0.0
Woyo Coulibaly,mlÂ MLI,DF,Sassuolo,26-230,0.0
Marius Courcoul,frÂ FRA,MF,Angers,19-004,0.0
Thibaut Courtois,beÂ BEL,GK,Real Madrid,33-239,0.0
Yan Couto,brÂ BRA,"DF,MF",Dortmund,23-216,1.0
Patrice ÄoviÄ,hrÂ CRO,"MF,FW",Werder Bremen,18-194,0.0
Nicolas Cozza,frÂ FRA,DF,Nantes,26-362,0.0
Ben Cremaschi,usÂ USA,"MF,FW",Parma,20-309,0.0
Charlie Cresswell,engÂ ENG,DF,Toulouse,23-141,3.0
Bryan Cristante,itÂ ITA,MF,Roma,30-308,1.0
Juan Cruz Armada,esÂ ESP,DF,Osasuna,33-161,0.0
Juan Cuadrado,coÂ COL,"DF,MF",Pisa,37-224,1.0
Pau CubarsÃ­,esÂ ESP,DF,Barcelona,18-348,0.0
Cucho,coÂ COL,FW,Betis,26-260,8.0
Marc Cucurella,esÂ ESP,DF,Chelsea,27-167,0.0
Jorge Cuenca,esÂ ESP,DF,Fulham,26-049,0.0
Montrell Culbreath,deÂ GER,MF,Leverkusen,18-129,1.0
Josh Cullen,ieÂ IRL,MF,Burnley,29-273,2.0
Pablo CuÃ±at,esÂ ESP,GK,Levante,23-252,0.0
Jair Cunha,brÂ BRA,DF,Nott'ham Forest,20-304,0.0
Matheus Cunha,brÂ BRA,"MF,FW",Manchester Utd,26-223,4.0
Patrick Cutrone,itÂ ITA,FW,Parma,28-002,1.0
Lucas Da Cunha,frÂ FRA,MF,Como,24-210,1.0
Adam Daghim,dkÂ DEN,FW,Wolfsburg,20-099,2.0
Finn Dahmen,deÂ GER,GK,Augsburg,27-284,0.0
Mahmoud Dahoud,deÂ GER,MF,Eint Frankfurt,30-004,1.0
David Daiber,ptÂ POR,MF,Bayern Munich,18-360,0.0
Ameen Al-Dakhil,beÂ BEL,DF,Stuttgart,23-305,0.0
Thijs Dallinga,nlÂ NED,FW,Bologna,25-155,1.0
Diogo Dalot,ptÂ POR,DF,Manchester Utd,26-293,1.0
Muhammed Damar,deÂ GER,"FW,MF",Hoffenheim,21-271,0.0
Mikkel Damsgaard,dkÂ DEN,MF,Brentford,25-186,1.0
Arnaut Danjuma,nlÂ NED,"FW,MF",Valencia,28-339,3.0
KÃ©vin Danois,frÂ FRA,MF,Auxerre,21-191,1.0
Kevin Danso,atÂ AUT,DF,Tottenham,27-108,0.0
Dante,brÂ BRA,DF,Nice,42-079,0.0
Bence DÃ¡rdai,huÂ HUN,MF,Wolfsburg,19-346,0.0
Aiman Dardari,luÂ LUX,MF,Augsburg,20-290,0.0
Sergi Darder,esÂ ESP,"MF,FW",Mallorca,32-014,0.0
Karl Darlow,wlsÂ WAL,GK,Leeds United,35-089,0.0
Matteo Darmian,itÂ ITA,DF,Inter,36-034,0.0
Juan David Cabal,coÂ COL,DF,Juventus,24-362,2.0
Jonathan David,caÂ CAN,FW,Juventus,25-356,1.0
Alphonso Davies,caÂ CAN,DF,Bayern Munich,25-064,0.0
Ben Davies,wlsÂ WAL,DF,Tottenham,32-256,1.0
Davinchi,esÂ ESP,DF,Getafe,18-081,0.0
Keinan Davis,engÂ ENG,FW,Udinese,27-326,5.0
Kevin De Bruyne,beÂ BEL,MF,Napoli,34-191,4.0
Mathys De Carvalho,frÂ FRA,MF,Lyon,20-249,0.0
Maxim De Cuyper,beÂ BEL,"DF,FW",Brighton,25-014,2.0
Charles De Ketelaere,beÂ BEL,"MF,FW",Atalanta,24-301,2.0
Jeffrey De Lange,nlÂ NED,GK,Marseille,27-279,0.0
Manuel De Luca,itÂ ITA,FW,Cremonese,27-172,1.0
ThÃ©o De Percin,mqÂ MTQ,GK,Auxerre,24-337,0.0
Lorenzo De Silvestri,itÂ ITA,DF,Bologna,37-227,0.0
Thibault De Smet,beÂ BEL,DF,Paris FC,27-214,0.0
Koni De Winter,beÂ BEL,DF,Milan,23-207,0.0
Alessandro Deiola,itÂ ITA,"MF,DF",Cagliari,30-157,0.0
Romain Del Castillo,frÂ FRA,"FW,MF",Brest,29-282,6.0
Enrico Del Prato,itÂ ITA,DF,Parma,26-056,1.0
Thomas Delaine,frÂ FRA,"DF,FW",Le Havre,33-287,0.0
Liam Delap,engÂ ENG,FW,Chelsea,22-331,0.0
Fisayo Dele-Bashiru,ngÂ NGA,MF,Lazio,24-333,0.0
Ali DembÃ©lÃ©,frÂ FRA,DF,Torino,22-000,0.0
Ousmane DembÃ©lÃ©,frÂ FRA,FW,Paris S-G,28-235,3.0
Jessy Deminguet,frÂ FRA,MF,Metz,27-363,1.0
Ermedin DemiroviÄ,baÂ BIH,FW,Stuttgart,27-286,3.0
Rav van den Berg,nlÂ NED,DF,KÃ¶ln,21-182,0.0
Sepp van den Berg,nlÂ NED,DF,Brentford,24-016,0.0
Leander Dendoncker,beÂ BEL,MF,Oviedo,30-265,1.0
Daniel Denoon,chÂ SUI,DF,Pisa,21-342,0.0
Nelson Deossa,coÂ COL,MF,Betis,25-333,0.0
RÃ©my Descamps,frÂ FRA,GK,Lyon,29-194,0.0
Bahmed Deuff,mrÂ MTN,"MF,FW",Nantes,19-298,0.0
Justin Devenny,nirÂ NIR,"MF,DF",Crystal Palace,22-086,1.0
Tidiane Devernois,frÂ FRA,MF,Auxerre,18-079,0.0
Kiernan Dewsbury-Hall,engÂ ENG,MF,Everton,27-121,4.0
Michele Di Gregorio,itÂ ITA,GK,Juventus,28-162,0.0
Giovanni Di Lorenzo,itÂ ITA,"DF,MF",Napoli,32-154,0.0
Alessandro Di Pardo,itÂ ITA,DF,Cagliari,26-171,0.0
Boulaye Dia,snÂ SEN,"FW,MF",Lazio,29-050,1.0
Bambo Diaby,snÂ SEN,DF,Elche,28-019,0.0
Mouctar Diakhaby,gnÂ GUI,DF,Valencia,29-017,1.0
BafodÃ© DiakitÃ©,frÂ FRA,DF,Bournemouth,24-364,0.0
Amad Diallo,ciÂ CIV,"DF,MF",Manchester Utd,23-178,2.0
Habib Diallo,snÂ SEN,FW,Metz,30-201,3.0
Zoumana Diallo,frÂ FRA,MF,Nice,20-337,0.0
Grady Diangana,cdÂ COD,"MF,FW",Elche,27-261,0.0
Assane Diao,snÂ SEN,FW,Como,20-120,0.0
Soriba Diaoune,frÂ FRA,"FW,MF",Lille,18-144,1.0
Habib Diarra,snÂ SEN,MF,Sunderland,22-002,0.0
Moussa Diarra,mlÂ MLI,DF,AlavÃ©s,25-056,0.0
RÃºben Dias,ptÂ POR,DF,Manchester City,28-236,2.0
KrÃ©pin Diatta,snÂ SEN,"DF,FW",Monaco,26-314,0.0
Mory Diaw,snÂ SEN,GK,Le Havre,32-197,0.0
Brahim DÃ­az,maÂ MAR,"FW,MF",Real Madrid,26-155,0.0
Junior Diaz,ciÂ CIV,DF,Brest,22-166,0.0
Luis DÃ­az,coÂ COL,FW,Bayern Munich,28-357,8.0
Pedro DÃ­az,esÂ ESP,"MF,FW",Rayo Vallecano,27-214,0.0
Tyler Dibling,engÂ ENG,FW,Everton,19-299,0.0
Nouha Dicko,mlÂ MLI,FW,Paris FC,33-236,1.0
Bamba Dieng,snÂ SEN,"FW,MF",Lorient,25-288,1.0
Eric Dier,engÂ ENG,DF,Monaco,31-355,1.0
Lucas Digne,frÂ FRA,DF,Aston Villa,32-169,0.0
Kevin Diks,idÂ IDN,DF,Gladbach,29-091,2.0
Federico Dimarco,itÂ ITA,DF,Inter,28-056,2.0
Junior Dina Ebimbe,cmÂ CMR,"FW,MF",Brest,25-045,1.0
Eren DinkÃ§i,deÂ GER,"MF,FW",Freiburg,24-023,0.0
Sinaly Diomande,ciÂ CIV,DF,Auxerre,24-271,1.0
Yan DiomandÃ©,ciÂ CIV,FW,RB Leipzig,19-052,6.0
Issa Diop,frÂ FRA,DF,Fulham,28-361,0.0
SÃ©rignÃ© Diop,snÂ SEN,FW,Brest,20-238,0.0
Sofiane Diop,maÂ MAR,"MF,FW",Nice,25-210,6.0
Andy Diouf,frÂ FRA,"MF,FW",Inter,22-233,0.0
Andy Diouf,frÂ FRA,MF,Lens,22-233,0.0
El Hadji Malick Diouf,snÂ SEN,DF,West Ham,21-008,0.0
Yehvann Diouf,snÂ SEN,GK,Nice,26-050,0.0
Assane DioussÃ©,snÂ SEN,MF,Auxerre,28-107,0.0
MatÃ­as Dituro,arÂ ARG,GK,Elche,38-242,0.0
DjenÃ©,tgÂ TOG,"DF,MF",Getafe,34-005,0.0
Harouna Djibrin,cmÂ CMR,FW,Angers,19-061,2.0
Berat Djimsiti,alÂ ALB,DF,Atalanta,32-320,0.0
Marko DmitroviÄ,rsÂ SRB,GK,Espanyol,33-346,0.0
Ritsu Doan,jpÂ JPN,"FW,MF",Eint Frankfurt,27-203,4.0
DodÃ´,brÂ BRA,DF,Fiorentina,27-049,0.0
Danilho Doekhi,nlÂ NED,DF,Union Berlin,27-189,4.0
Matt Doherty,ieÂ IRL,DF,Wolves,33-354,0.0
Josh Doig,sctÂ SCO,DF,Sassuolo,23-232,0.0
Jeremy Doku,beÂ BEL,"MF,FW",Manchester City,23-223,1.0
Tyrhys Dolan,engÂ ENG,"FW,MF",Espanyol,24-008,0.0
Marc Domenech,esÂ ESP,"FW,MF",Mallorca,20-004,0.0
BenjamÃ­n DomÃ­nguez,arÂ ARG,FW,Bologna,22-108,0.0
Carlos Dominguez,esÂ ESP,DF,Celta Vigo,24-328,0.0
NicolÃ¡s DomÃ­nguez,arÂ ARG,"MF,FW",Nott'ham Forest,27-191,0.0
Jean-Luc DompÃ©,frÂ FRA,"FW,MF",Hamburger SV,30-146,2.0
John Donald,esÂ ESP,"DF,MF",Elche,25-128,1.0
Gianluigi Donnarumma,itÂ ITA,GK,Manchester City,26-314,0.0
Patrick Dorgu,dkÂ DEN,"DF,FW",Manchester Utd,21-071,1.0
Niklas Dorsch,deÂ GER,MF,Heidenheim,27-355,0.0
Lohann Doucet,frÂ FRA,MF,Paris FC,23-113,1.0
FodÃ© DoucourÃ©,mlÂ MLI,"MF,FW",Le Havre,24-336,2.0
SÃ©kou Doucoure,frÂ FRA,DF,Nantes,20-254,0.0
DÃ©sirÃ© DouÃ©,frÂ FRA,"FW,MF",Paris S-G,20-216,3.0
Guela DouÃ©,ciÂ CIV,DF,Strasbourg,23-080,1.0
IsmaÃ«l DoukourÃ©,frÂ FRA,"DF,MF",Strasbourg,22-165,0.0
Kamory Doumbia,mlÂ MLI,MF,Brest,22-321,4.0
Anastasios Douvikas,grÂ GRE,FW,Como,26-156,4.0
Artem Dovbyk,uaÂ UKR,FW,Roma,28-198,2.0
Max Dowman,engÂ ENG,FW,Arsenal,16-005,0.0
Radu DrÄguÈin,roÂ ROU,DF,Tottenham,23-336,0.0
JoÃ©l Drakes-Thomas,engÂ ENG,MF,Crystal Palace,16-210,0.0
Domingos Duarte,ptÂ POR,DF,Getafe,30-301,0.0
Martin DÃºbravka,skÂ SVK,GK,Burnley,36-355,0.0
Denzel Dumfries,nlÂ NED,DF,Inter,29-262,1.0
Lewis Dunk,engÂ ENG,DF,Brighton,34-045,0.0
Maxime DupÃ©,frÂ FRA,GK,Nice,32-307,0.0
Pablo DurÃ¡n,esÂ ESP,"FW,MF",Celta Vigo,24-225,2.0
Hugo Duro,esÂ ESP,FW,Valencia,26-056,6.0
Paulo Dybala,arÂ ARG,"FW,MF",Roma,32-051,1.0
Edin DÅ¾eko,baÂ BIH,FW,Fiorentina,39-294,0.0
Adam DÅºwigaÅa,plÂ POL,DF,St. Pauli,30-102,1.0
Aron DÃ¸nnum,noÂ NOR,"MF,DF",Toulouse,27-260,3.0
George Earthy,engÂ ENG,FW,West Ham,21-122,0.0
Simon Ebonog,cmÂ CMR,MF,Le Havre,21-142,0.0
Enzo Ebosse,cmÂ CMR,DF,Hellas Verona,26-300,0.0
Claudio Echeverri,arÂ ARG,"MF,DF",Leverkusen,20-003,0.0
Ãderson,brÂ BRA,MF,Atalanta,26-182,0.0
Noah Edjouma,frÂ FRA,"MF,FW",Toulouse,20-093,0.0
Odsonne Ãdouard,frÂ FRA,FW,Crystal Palace,27-354,0.0
Odsonne Ãdouard,frÂ FRA,FW,Lens,27-354,7.0
Marcus Edwards,engÂ ENG,"FW,MF",Burnley,27-033,0.0
CJ Egan-Riley,engÂ ENG,DF,Marseille,23-003,0.0
Maximilian Eggestein,deÂ GER,MF,Freiburg,29-028,2.0
Kingsley Ehizibue,nlÂ NED,DF,Udinese,30-225,0.0
Ovie Ejaria,engÂ ENG,MF,Oviedo,28-048,0.0
Chidera Ejuke,ngÂ NGA,"FW,MF",Sevilla,28-003,1.0
Hjalmar Ekdal,seÂ SWE,DF,Burnley,27-076,0.0
Jeff Ekhator,itÂ ITA,FW,Genoa,19-055,2.0
Hugo Ekitike,frÂ FRA,FW,Liverpool,23-199,8.0
Jurgen Ekkelenkamp,nlÂ NED,MF,Udinese,25-275,1.0
Jacques Ekomie,gaÂ GAB,DF,Angers,22-139,0.0
Caleb Ekuban,ghÂ GHA,FW,Genoa,31-288,1.0
Anthony Elanga,seÂ SWE,"FW,MF",Newcastle Utd,23-253,0.0
Daniel Elfadli,lyÂ LBY,DF,Hamburger SV,28-274,0.0
Unai Elgezabal,esÂ ESP,"DF,MF",Levante,32-255,0.0
Mikael Ellertsson,isÂ ISL,"DF,FW",Genoa,23-300,1.0
Harvey Elliott,engÂ ENG,"MF,FW",Liverpool,22-276,0.0
Harvey Elliott,engÂ ENG,"MF,FW",Aston Villa,22-276,0.0
Elif Elmas,mkÂ MKD,"MF,FW",Napoli,26-103,0.0
Aritz Elustondo,esÂ ESP,DF,Real Sociedad,31-283,0.0
Nico Elvedi,chÂ SUI,DF,Gladbach,29-097,0.0
Breel Embolo,chÂ SUI,FW,Rennes,28-325,4.0
Emanuel Emegha,nlÂ NED,FW,Strasbourg,22-336,4.0
Emersonn,brÂ BRA,FW,Toulouse,21-173,3.0
Julio Enciso,pyÂ PAR,MF,Strasbourg,21-347,0.0
Wataru Endo,jpÂ JPN,"MF,DF",Liverpool,32-330,0.0
Endrick,brÂ BRA,FW,Real Madrid,19-168,0.0
Yannik Engelhardt,deÂ GER,MF,Gladbach,24-332,1.0
Christian Eriksen,dkÂ DEN,"MF,FW",Wolfsburg,33-325,0.0
AarÃ³n Escandell,esÂ ESP,GK,Oviedo,30-100,0.0
Carlos EspÃ­,esÂ ESP,FW,Levante,20-165,1.0
Alfonso Espino,uyÂ URU,"FW,DF",Rayo Vallecano,34-000,1.0
Francesco Esposito,itÂ ITA,FW,Inter,20-191,1.0
Sebastiano Esposito,itÂ ITA,"FW,MF",Cagliari,23-187,3.0
Romain Esse,engÂ ENG,"FW,MF",Crystal Palace,20-237,0.0
Samuel Essende,cdÂ COD,FW,Augsburg,27-347,1.0
Marco Esteban,esÂ ESP,DF,Oviedo,20-004,0.0
Maxime EstÃ¨ve,frÂ FRA,DF,Burnley,23-224,0.0
Nahuel EstÃ©vez,arÂ ARG,MF,Parma,30-052,0.0
Pervis EstupiÃ±Ã¡n,ecÂ ECU,DF,Milan,27-349,0.0
Karl Etta Eyong,cmÂ CMR,FW,Villarreal,22-083,1.0
Karl Etta Eyong,cmÂ CMR,FW,Levante,22-083,5.0
Evanilson,brÂ BRA,FW,Bournemouth,26-091,3.0
Edu ExpÃ³sito,esÂ ESP,MF,Espanyol,29-157,0.0
Eberechi Eze,engÂ ENG,"MF,FW",Arsenal,27-190,4.0
Eberechi Eze,engÂ ENG,MF,Crystal Palace,27-190,0.0
Abde Ezzalzouli,maÂ MAR,FW,Betis,24-019,3.0
Giovanni Fabbian,itÂ ITA,MF,Bologna,22-356,1.0
Alieu Fadera,gmÂ GAM,FW,Sassuolo,24-063,1.0
NicolÃ² Fagioli,itÂ ITA,MF,Fiorentina,24-327,0.0
Omar Falah,esÂ ESP,"DF,MF",Oviedo,22-118,0.0
Wladimiro Falcone,itÂ ITA,GK,Lecce,30-268,0.0
Ansu Fati,esÂ ESP,"MF,FW",Monaco,23-066,5.0
Abdoulaye Faye,snÂ SEN,DF,Lorient,21-105,0.0
Jacopo Fazzini,itÂ ITA,"MF,FW",Fiorentina,22-295,0.0
Aleix Febas,esÂ ESP,MF,Elche,29-337,1.0
Mattia Felici,itÂ ITA,"FW,DF",Cagliari,24-263,2.0
Luiz Felipe,itÂ ITA,DF,Rayo Vallecano,28-289,0.0
Robin Fellhauer,deÂ GER,"DF,MF",Augsburg,27-349,1.0
Kiko FemenÃ­a,esÂ ESP,"DF,FW",Getafe,34-337,0.0
Evan Ferguson,ieÂ IRL,FW,Roma,21-078,2.0
Lewis Ferguson,sctÂ SCO,MF,Bologna,26-134,0.0
Bruno Fernandes,ptÂ POR,MF,Manchester Utd,31-119,5.0
Mateus Fernandes,ptÂ POR,"MF,FW",West Ham,21-179,2.0
Enzo FernÃ¡ndez,arÂ ARG,MF,Chelsea,24-353,6.0
EzequiÃ©l FernÃ¡ndez,arÂ ARG,MF,Leverkusen,23-164,0.0
Manu FernÃ¡ndez,esÂ ESP,DF,Celta Vigo,24-257,0.0
Pedro Fernandez,esÂ ESP,"FW,MF",Barcelona,17-358,0.0
Pelayo Fernandez,esÂ ESP,DF,Rayo Vallecano,22-251,0.0
Roberto FÃ©rnandez,esÂ ESP,FW,Espanyol,23-186,4.0
Toni FernÃ¡ndez,esÂ ESP,FW,Barcelona,17-174,0.0
Matias Fernandez-Pardo,beÂ BEL,FW,Lille,20-336,2.0
Seydou Fini,itÂ ITA,MF,Genoa,19-217,0.0
Max FinkgrÃ¤fe,deÂ GER,DF,RB Leipzig,21-284,0.0
Junior Firpo,doÂ DOM,DF,Betis,29-136,0.0
Jonathan Fischer,dkÂ DEN,GK,Metz,24-057,0.0
Kilian Fischer,deÂ GER,DF,Wolfsburg,25-085,0.0
Mark Flekken,nlÂ NED,GK,Leverkusen,32-206,0.0
Zian Flemming,nlÂ NED,FW,Burnley,27-157,5.0
Jack Fletcher,engÂ ENG,"MF,FW",Manchester Utd,18-292,0.0
Romano Floriani,itÂ ITA,"DF,FW",Cremonese,22-343,0.0
Phil Foden,engÂ ENG,MF,Manchester City,25-222,7.0
Malick Fofana,beÂ BEL,FW,Lyon,20-280,2.0
Rayan Fofana,frÂ FRA,FW,Lens,19-327,2.0
Seko Fofana,ciÂ CIV,MF,Rennes,30-243,1.0
Wesley Fofana,frÂ FRA,DF,Chelsea,25-019,0.0
Youssouf Fofana,frÂ FRA,MF,Milan,26-360,1.0
Jonas FÃ¶hrenbach,deÂ GER,DF,Heidenheim,29-344,1.0
Francesco Folino,itÂ ITA,DF,Cremonese,23-347,1.0
Michael Folorunsho,itÂ ITA,"MF,FW",Cagliari,27-332,1.0
Nicolas Fonseca,uyÂ URU,MF,Oviedo,27-078,0.0
Ãlex ForÃ©s,esÂ ESP,FW,Oviedo,24-268,0.0
Pablo Fornals,esÂ ESP,MF,Betis,29-317,4.0
HÃ©ctor Fort,esÂ ESP,DF,Elche,19-156,1.0
NiccolÃ² Fortini,itÂ ITA,"DF,MF",Fiorentina,19-326,0.0
Lyle Foster,zaÂ RSA,FW,Burnley,25-124,2.0
Dimitri Foulquier,frÂ FRA,DF,Valencia,32-288,0.0
Juan Foyth,arÂ ARG,DF,Villarreal,27-358,0.0
Alejandro FrancÃ©s,esÂ ESP,DF,Girona,23-157,0.0
PrzemysÅaw Frankowski,plÂ POL,DF,Rennes,30-268,1.0
Davide Frattesi,itÂ ITA,MF,Inter,26-075,0.0
Oscar Fraulo,dkÂ DEN,"MF,DF",Gladbach,22-030,1.0
Tyler Fredricson,engÂ ENG,DF,Manchester Utd,20-316,0.0
Morten Frendrup,dkÂ DEN,MF,Genoa,24-273,0.0
Martin Frese,dkÂ DEN,DF,Hellas Verona,28-001,0.0
Remo Freuler,chÂ SUI,MF,Bologna,33-265,0.0
Marco Friedl,atÂ AUT,DF,Werder Bremen,27-295,1.0
Marvin Friedrich,deÂ GER,DF,Gladbach,30-023,0.0
Jeremie Frimpong,nlÂ NED,"FW,DF",Liverpool,25-026,0.0
Jorge de Frutos,esÂ ESP,"FW,MF",Rayo Vallecano,28-319,5.0
Chris FÃ¼hrich,deÂ GER,"FW,MF",Stuttgart,27-361,2.0
Joel Fujita,jpÂ JPN,MF,St. Pauli,23-323,0.0
Niclas FÃ¼llkrug,deÂ GER,FW,West Ham,32-330,0.0
Niclas FÃ¼llkrug,deÂ GER,FW,Milan,32-330,0.0
Matteo Gabbia,itÂ ITA,DF,Milan,26-076,0.0
Tiago Gabriel,ptÂ POR,DF,Lecce,21-010,1.0
Gianluca Gaetano,itÂ ITA,"MF,FW",Cagliari,25-245,2.0
Roberto Gagliardini,itÂ ITA,MF,Hellas Verona,31-273,1.0
Cody Gakpo,nlÂ NED,FW,Liverpool,26-243,5.0
Javi GalÃ¡n,esÂ ESP,DF,Osasuna,31-047,0.0
Javi GalÃ¡n,esÂ ESP,DF,AtlÃ©tico Madrid,31-047,0.0
IÃ±igo Ruiz de Galarreta,esÂ ESP,MF,Athletic Club,32-152,0.0
Conor Gallagher,engÂ ENG,MF,AtlÃ©tico Madrid,25-333,2.0
Antonino Gallo,itÂ ITA,DF,Lecce,26-000,0.0
Idrissa Gana Gueye,snÂ SEN,MF,Everton,36-101,2.0
IsmaÃ«lo Ganiou,bfÂ BFA,DF,Lens,20-297,2.0
Ben Gannon-Doak,sctÂ SCO,FW,Bournemouth,20-055,0.0
Facundo GarcÃ©s,myÂ MAS,DF,AlavÃ©s,26-122,0.0
Aleix GarcÃ­a,esÂ ESP,MF,Leverkusen,28-191,0.0
Ãlvaro GarcÃ­a,esÂ ESP,"FW,MF",Rayo Vallecano,33-070,3.0
AndrÃ©s GarcÃ­a,esÂ ESP,DF,Aston Villa,22-332,0.0
Eric GarcÃ­a,esÂ ESP,"DF,MF",Barcelona,24-361,1.0
Fran Garcia,esÂ ESP,DF,Real Madrid,26-144,1.0
Gonzalo GarcÃ­a,esÂ ESP,"FW,MF",Real Madrid,21-287,3.0
Joan GarcÃ­a,esÂ ESP,GK,Barcelona,24-246,0.0
Pablo Garcia,esÂ ESP,FW,Betis,19-206,0.0
RubÃ©n GarcÃ­a,esÂ ESP,"FW,MF",Osasuna,32-175,2.0
Ulisses Garcia,chÂ SUI,DF,Marseille,29-359,0.0
VÃ­ctor GarcÃ­a,esÂ ESP,"DF,MF",Levante,28-111,0.0
Alejandro Garnacho,arÂ ARG,FW,Chelsea,21-188,1.0
James Garner,engÂ ENG,"MF,DF",Everton,24-298,2.0
Federico Gatti,itÂ ITA,DF,Juventus,27-195,1.0
Gavi,esÂ ESP,"MF,DF",Barcelona,21-153,0.0
Jusuf GazibegoviÄ,baÂ BIH,DF,KÃ¶ln,25-300,0.0
Paulo Gazzaniga,arÂ ARG,GK,Girona,34-003,0.0
Jean-Philippe Gbamin,ciÂ CIV,DF,Metz,30-102,1.0
Yann Gboho,frÂ FRA,"MF,FW",Toulouse,24-356,5.0
David de Gea,esÂ ESP,GK,Fiorentina,35-059,0.0
Lutsharel Geertruida,nlÂ NED,"DF,MF",Sunderland,25-171,0.0
Valentin Gendrey,frÂ FRA,"DF,MF",Hoffenheim,25-198,0.0
Tyrique George,engÂ ENG,FW,Chelsea,19-335,0.0
Yannick Gerhardt,deÂ GER,MF,Wolfsburg,31-298,0.0
Willem Geubbels,frÂ FRA,FW,Paris FC,24-142,3.0
IsmaÃ«l Gharbi,tnÂ TUN,MF,Augsburg,21-270,0.0
Mourad El Ghezouani,maÂ MAR,FW,Elche,27-223,0.0
Rachid Ghezzal,dzÂ ALG,FW,Lyon,33-241,0.0
Daniele Ghilardi,itÂ ITA,DF,Roma,22-364,0.0
Andrea Ghion,itÂ ITA,"FW,MF",Sassuolo,25-316,0.0
Dimitris Giannoulis,grÂ GRE,"DF,MF",Augsburg,30-080,2.0
Morgan Gibbs-White,engÂ ENG,"MF,FW",Nott'ham Forest,25-343,4.0
Bryan Gil,esÂ ESP,"MF,FW",Girona,24-328,0.0
Mario Gila,esÂ ESP,DF,Lazio,25-129,0.0
Billy Gilmour,sctÂ SCO,MF,Napoli,24-208,1.0
Benedikt Gimber,deÂ GER,"DF,MF",Heidenheim,28-320,0.0
Santiago GimÃ©nez,mxÂ MEX,FW,Milan,24-262,0.0
Gvidas Gineitis,ltÂ LTU,MF,Torino,21-265,0.0
Matthias Ginter,deÂ GER,DF,Freiburg,31-351,0.0
Giovane,brÂ BRA,FW,Hellas Verona,22-042,3.0
Olivier Giroud,frÂ FRA,FW,Lille,39-097,4.0
Jamie Gittens,engÂ ENG,FW,Chelsea,21-150,0.0
Robert Glatzel,deÂ GER,"FW,MF",Hamburger SV,31-362,1.0
Serge Gnabry,deÂ GER,"MF,FW",Bayern Munich,30-175,4.0
Wilfried Gnonto,itÂ ITA,"FW,MF",Leeds United,22-061,0.0
Giorgi Gocholeishvili,geÂ GEO,MF,Hamburger SV,24-325,0.0
Martial Godo,engÂ ENG,"MF,FW",Strasbourg,22-297,2.0
Maxima Goffi,frÂ FRA,DF,Lille,17-347,0.0
Saba Goglichidze,geÂ GEO,DF,Udinese,21-194,0.0
Edoardo Goldaniga,itÂ ITA,DF,Como,32-064,0.0
Aleksandr Golovin,ruÂ RUS,"MF,FW",Monaco,29-220,2.0
AndrÃ© Gomes,ptÂ POR,MF,Lille,32-159,0.0
Angel Gomes,engÂ ENG,MF,Marseille,25-127,3.0
JoÃ£o Gomes,brÂ BRA,MF,Wolves,24-327,0.0
Rodrigo Gomes,ptÂ POR,"FW,DF",Wolves,22-182,1.0
Toti Gomes,ptÂ POR,DF,Wolves,26-354,0.0
Diego GÃ³mez,pyÂ PAR,"MF,FW",Brighton,22-284,3.0
Joe Gomez,engÂ ENG,DF,Liverpool,28-227,0.0
Moi GÃ³mez,esÂ ESP,MF,Osasuna,31-196,0.0
Sergio GÃ³mez,esÂ ESP,DF,Real Sociedad,25-123,0.0
Unai GÃ³mez,esÂ ESP,"FW,MF",Athletic Club,22-225,0.0
ValentÃ­n GÃ³mez,arÂ ARG,DF,Betis,22-193,1.0
Tidiam Gomis,frÂ FRA,FW,RB Leipzig,19-150,1.0
Rafael GonÃ§alves,ptÂ POR,MF,Strasbourg,20-321,0.0
NicolÃ¡s GonzÃ¡lez,esÂ ESP,MF,Manchester City,24-002,1.0
NicolÃ¡s GonzÃ¡lez,arÂ ARG,"MF,DF",Juventus,27-274,0.0
NicolÃ¡s GonzÃ¡lez,arÂ ARG,"MF,DF",AtlÃ©tico Madrid,27-274,1.0
Urko GonzÃ¡lez,esÂ ESP,MF,Espanyol,24-291,0.0
Urko GonzÃ¡lez,esÂ ESP,MF,Real Sociedad,24-291,0.0
Anthony Gordon,engÂ ENG,FW,Newcastle Utd,24-315,2.0
Leon Goretzka,deÂ GER,MF,Bayern Munich,30-333,0.0
Andoni Gorosabel,esÂ ESP,DF,Athletic Club,29-154,0.0
Jon Gorrotxategi,esÂ ESP,MF,Real Sociedad,23-337,1.0
Olaf Gorter,nlÂ NED,MF,Lecce,20-339,0.0
Alimami Gory,mlÂ MLI,"MF,FW",Paris FC,29-128,1.0
Robin Gosens,deÂ GER,DF,Fiorentina,31-184,1.0
Mikel Goti,esÂ ESP,MF,Real Sociedad,23-227,0.0
Mario GÃ¶tze,deÂ GER,MF,Eint Frankfurt,33-216,0.0
Amine Gouiri,dzÂ ALG,"FW,MF",Marseille,25-323,1.0
Tiago Gouveia,ptÂ POR,"DF,MF",Nice,24-201,0.0
Jeffrey Gouweleeuw,nlÂ NED,DF,Augsburg,34-179,0.0
Kamil Grabara,plÂ POL,GK,Wolfsburg,26-362,0.0
Jonathan Gradit,frÂ FRA,DF,Lens,33-042,0.0
Alberto Grassi,itÂ ITA,MF,Cremonese,30-304,0.0
Ryan Gravenberch,nlÂ NED,MF,Liverpool,23-234,4.0
Archie Gray,engÂ ENG,MF,Tottenham,19-299,1.0
Jack Grealish,engÂ ENG,FW,Everton,30-117,2.0
Mason Greenwood,engÂ ENG,"FW,MF",Marseille,24-096,11.0
Dominik Greif,skÂ SVK,GK,Lyon,28-274,0.0
Antoine Griezmann,frÂ FRA,"FW,MF",AtlÃ©tico Madrid,34-290,6.0
Vincenzo Grifo,itÂ ITA,"FW,MF",Freiburg,32-273,5.0
Ãlex Grimaldo,esÂ ESP,DF,Leverkusen,30-107,4.0
Pascal GroÃ,deÂ GER,MF,Brighton,34-204,0.0
Pascal GroÃ,deÂ GER,MF,Dortmund,34-204,0.0
Brajan Gruda,deÂ GER,"MF,FW",Brighton,21-219,1.0
Ilia Gruev,bgÂ BUL,MF,Leeds United,25-244,0.0
Marco GrÃ¼ll,atÂ AUT,FW,Werder Bremen,27-183,2.0
Albert GrÃ¸nbaek,dkÂ DEN,"FW,MF",Genoa,24-227,0.0
Nemanja Gudelj,rsÂ SRB,"MF,DF",Sevilla,34-050,1.0
Gabriel Gudmundsson,seÂ SWE,DF,Leeds United,26-251,0.0
GonÃ§alo Guedes,ptÂ POR,"MF,FW",Real Sociedad,29-037,4.0
Marc GuÃ©hi,engÂ ENG,DF,Crystal Palace,25-176,2.0
MattÃ©o Guendouzi,frÂ FRA,MF,Lazio,26-266,2.0
Javier Guerra,esÂ ESP,MF,Valencia,23-004,0.0
RaphaÃ«l Guerreiro,ptÂ POR,"MF,DF",Bayern Munich,32-014,2.0
Daniel Guerrero,esÂ ESP,MF,Betis,20-163,0.0
IsmaÃ«l Guerti,frÂ FRA,MF,Metz,21-159,0.0
Evann Guessand,ciÂ CIV,FW,Aston Villa,24-188,0.0
Ander Guevara,esÂ ESP,MF,AlavÃ©s,28-182,1.0
Idrissa GuÃ¨ye,snÂ SEN,"FW,MF",Udinese,19-111,0.0
Idrissa GuÃ¨ye,snÂ SEN,FW,Metz,19-111,0.0
Pape Gueye,snÂ SEN,MF,Villarreal,26-346,2.0
Morgan Guilavogui,gnÂ GUI,"MF,FW",Lens,27-301,1.0
Luis Guilherme,brÂ BRA,"FW,MF",West Ham,19-330,0.0
Bruno GuimarÃ£es,brÂ BRA,MF,Newcastle Utd,28-050,7.0
Daouda Guindo,mlÂ MLI,DF,Brest,23-083,0.0
Bahereba Guirassy,frÂ FRA,"FW,MF",Nantes,19-129,2.0
Serhou Guirassy,gnÂ GUI,FW,Dortmund,29-299,5.0
Marc Guiu,esÂ ESP,FW,Sunderland,20-001,0.0
Marc Guiu,esÂ ESP,FW,Chelsea,20-001,0.0
PÃ©ter GulÃ¡csi,huÂ HUN,GK,RB Leipzig,35-244,0.0
Arda GÃ¼ler,trÂ TUR,MF,Real Madrid,20-314,3.0
Gerard Gumbau,esÂ ESP,MF,Rayo Vallecano,31-018,0.0
Christian GÃ¼nter,deÂ GER,DF,Freiburg,32-311,0.0
Jon Guridi,esÂ ESP,"MF,FW",AlavÃ©s,30-311,0.0
Gorka Guruzeta,esÂ ESP,FW,Athletic Club,29-115,2.0
Malo Gusto,frÂ FRA,"DF,MF",Chelsea,22-231,2.0
Miguel GutiÃ©rrez,esÂ ESP,"DF,MF",Napoli,24-162,0.0
Albert GuÃ°mundsson,isÂ ISL,"FW,MF",Fiorentina,28-204,3.0
JoÅ¡ko Gvardiol,hrÂ CRO,DF,Manchester City,23-347,2.0
Viktor GyÃ¶keres,seÂ SWE,FW,Arsenal,27-215,5.0
Erling Haaland,noÂ NOR,FW,Manchester City,25-168,19.0
Janik Haberer,deÂ GER,"MF,DF",Union Berlin,31-278,0.0
Robin Hack,deÂ GER,"FW,MF",Gladbach,27-131,0.0
Albian Hajdari,xkÂ KVX,DF,Hoffenheim,22-232,1.0
Achraf Hakimi,maÂ MAR,DF,Paris S-G,27-062,2.0
Lewis Hall,engÂ ENG,DF,Newcastle Utd,21-119,0.0
Adil Hamdani,frÂ FRA,FW,Lyon,16-349,0.0
Pierre-Yves Hamel,frÂ FRA,FW,Paris FC,31-336,0.0
Andreas Hanche-Olsen,noÂ NOR,DF,Mainz 05,28-353,0.0
DÃ¡vid Hancko,skÂ SVK,DF,AtlÃ©tico Madrid,28-023,0.0
Florent Hanin,dzÂ ALG,DF,Angers,35-335,0.0
Isak Hansen-AarÃ¸en,noÂ NOR,FW,Werder Bremen,21-136,0.0
Conrad Harder,dkÂ DEN,FW,RB Leipzig,20-273,1.0
Jack Harrison,engÂ ENG,"FW,DF",Leeds United,29-046,0.0
Abdou Harroui,nlÂ NED,MF,Hellas Verona,27-357,0.0
Quilindschy Hartman,nlÂ NED,DF,Burnley,24-052,0.0
Haissem Hassan,frÂ FRA,"FW,MF",Oviedo,23-331,0.0
Hans Hateboer,nlÂ NED,DF,Rennes,31-361,0.0
Hans Hateboer,nlÂ NED,DF,Lyon,31-361,0.0
Jorrel Hato,nlÂ NED,DF,Chelsea,19-304,0.0
Kai Havertz,deÂ GER,FW,Arsenal,26-208,0.0
Ayden Heaven,engÂ ENG,DF,Manchester Utd,19-105,0.0
Jan Paul van Hecke,nlÂ NED,DF,Brighton,25-211,3.0
Hwang Hee-chan,krÂ KOR,"FW,MF",Wolves,29-344,2.0
TorbjÃ¸rn Heggem,noÂ NOR,DF,Bologna,26-358,0.0
Gauthier Hein,frÂ FRA,MF,Metz,29-151,5.0
Dominique Heintz,deÂ GER,DF,KÃ¶ln,32-143,0.0
George Hemmings,engÂ ENG,MF,Aston Villa,18-307,0.0
Dean Henderson,engÂ ENG,GK,Crystal Palace,28-299,0.0
Jordan Henderson,engÂ ENG,MF,Brentford,35-202,1.0
Ramon Hendriks,nlÂ NED,DF,Stuttgart,24-171,0.0
Luis Henrique,brÂ BRA,DF,Inter,24-022,0.0
Rico Henry,jmÂ JAM,DF,Brentford,28-181,0.0
Pharell Hensel,deÂ GER,MF,Wolfsburg,18-302,0.0
Mads Hermansen,dkÂ DEN,GK,West Ham,25-178,0.0
Mario Hermoso,esÂ ESP,DF,Roma,30-201,1.0
Lucas HernÃ¡ndez,frÂ FRA,DF,Paris S-G,29-325,0.0
Hernani,brÂ BRA,"MF,DF",Parma,31-284,0.0
Jorge Herrando,esÂ ESP,DF,Osasuna,24-311,0.0
Sergio Herrera,esÂ ESP,GK,Osasuna,32-214,0.0
Yangel Herrera,veÂ VEN,MF,Girona,27-356,0.0
Yangel Herrera,veÂ VEN,MF,Real Sociedad,27-356,0.0
Charles Herrmann,deÂ GER,MF,Gladbach,19-349,0.0
Daniel Heuer Fernandes,ptÂ POR,GK,Hamburger SV,33-053,0.0
Aaron Hickey,sctÂ SCO,DF,Brentford,23-209,0.0
Santiago Hidalgo,arÂ ARG,"FW,MF",Toulouse,20-322,2.0
Isak Hien,seÂ SWE,DF,Atalanta,26-357,1.0
Omar El Hilali,maÂ MAR,DF,Espanyol,22-115,0.0
James Hill,engÂ ENG,DF,Bournemouth,23-360,0.0
Piero HincapiÃ©,ecÂ ECU,DF,Arsenal,23-361,0.0
Piero HincapiÃ©,ecÂ ECU,DF,Leverkusen,23-361,0.0
Jack Hinshelwood,engÂ ENG,MF,Brighton,20-269,1.0
Adam HloÅ¾ek,czÂ CZE,"FW,MF",Hoffenheim,23-164,0.0
Ki-Jana Hoever,nlÂ NED,"DF,MF",Wolves,23-352,0.0
Nicolas HÃ¶fler,deÂ GER,MF,Freiburg,35-302,0.0
Jonas Hofmann,deÂ GER,"MF,DF",Leverkusen,33-175,2.0
Malthe Hojholt,dkÂ DEN,MF,Pisa,24-264,0.0
Lucas HÃ¶ler,deÂ GER,"FW,MF",Freiburg,31-179,1.0
Benedict Hollerbach,deÂ GER,"FW,MF",Mainz 05,24-233,0.0
Emil Holm,seÂ SWE,DF,Bologna,25-237,1.0
Franck Honorat,frÂ FRA,"FW,MF",Gladbach,29-147,0.0
Mathias Honsak,atÂ AUT,"FW,MF",Heidenheim,29-016,0.0
Ali Houary,maÂ MAR,MF,Elche,20-153,0.0
Andreas Hountondji,bjÂ BEN,"FW,MF",St. Pauli,23-178,4.0
LukÃ¡Å¡ HrÃ¡deckÃ½,fiÂ FIN,GK,Monaco,36-042,0.0
Robin HranÃ¡Ä,czÂ CZE,DF,Hoffenheim,25-341,0.0
Timo HÃ¼bers,deÂ GER,DF,KÃ¶ln,29-169,0.0
Callum Hudson-Odoi,engÂ ENG,FW,Nott'ham Forest,25-059,3.0
Will Hughes,engÂ ENG,MF,Crystal Palace,30-263,0.0
Dean Huijsen,esÂ ESP,DF,Real Madrid,20-266,1.0
Trai Hume,nirÂ NIR,"DF,MF",Sunderland,23-293,0.0
Bashir Humphreys,engÂ ENG,DF,Burnley,22-296,0.0
Denis Huseinbasic,baÂ BIH,MF,KÃ¶ln,24-186,0.0
Omari Hutchinson,engÂ ENG,FW,Nott'ham Forest,22-067,1.0
Kwon Hyeokkyu,krÂ KOR,MF,Nantes,24-298,0.0
Elseid Hysaj,alÂ ALB,DF,Lazio,31-319,0.0
Hong Hyunseok,krÂ KOR,MF,Nantes,26-203,0.0
Lucas HÃ¸gsberg,dkÂ DEN,DF,Strasbourg,19-196,0.0
Pierre HÃ¸jbjerg,dkÂ DEN,MF,Marseille,30-153,2.0
Oscar HÃ¸jlund,dkÂ DEN,MF,Eint Frankfurt,21-001,0.0
Rasmus HÃ¸jlund,dkÂ DEN,FW,Napoli,22-335,6.0
Edoardo Iannoni,itÂ ITA,MF,Sassuolo,24-269,1.0
Pablo IbÃ¡Ã±ez,esÂ ESP,MF,AlavÃ©s,27-107,1.0
Arijon IbrahimoviÄ,deÂ GER,"MF,FW",Heidenheim,20-025,0.0
Riyad Idrissi,itÂ ITA,DF,Cagliari,20-206,1.0
Stanis Idumbo,beÂ BEL,MF,Sevilla,20-190,0.0
Stanis Idumbo,beÂ BEL,"MF,DF",Monaco,20-190,0.0
Jay Idzes,idÂ IDN,DF,Sassuolo,25-217,0.0
Hamza Igamane,maÂ MAR,"FW,MF",Lille,23-064,5.0
Iglesias,esÂ ESP,DF,Getafe,27-186,1.0
Borja Iglesias,esÂ ESP,FW,Celta Vigo,32-353,7.0
Igor,brÂ BRA,DF,West Ham,27-332,0.0
Jonathan Ikone,frÂ FRA,"FW,MF",Paris FC,27-248,0.0
George Ilenikhena,ngÂ NGA,"FW,MF",Monaco,19-142,2.0
Andrej Ilic,rsÂ SRB,FW,Union Berlin,2,
